# ************************************************************
# Sequel Ace SQL dump
# Version 20035
#
# https://sequel-ace.com/
# https://github.com/Sequel-Ace/Sequel-Ace
#
# Host: 127.0.0.1 (MySQL 5.6.51)
# Database: goadmin
# Generation Time: 2022-10-14 08:38:48 +0000
# ************************************************************


/*!40101 SET @OLD_CHARACTER_SET_CLIENT=@@CHARACTER_SET_CLIENT */;
/*!40101 SET @OLD_CHARACTER_SET_RESULTS=@@CHARACTER_SET_RESULTS */;
/*!40101 SET @OLD_COLLATION_CONNECTION=@@COLLATION_CONNECTION */;
SET NAMES utf8mb4;
/*!40014 SET @OLD_FOREIGN_KEY_CHECKS=@@FOREIGN_KEY_CHECKS, FOREIGN_KEY_CHECKS=0 */;
/*!40101 SET @OLD_SQL_MODE='NO_AUTO_VALUE_ON_ZERO', SQL_MODE='NO_AUTO_VALUE_ON_ZERO' */;
/*!40111 SET @OLD_SQL_NOTES=@@SQL_NOTES, SQL_NOTES=0 */;


# Dump of table goadmin_menu
# ------------------------------------------------------------

DROP TABLE IF EXISTS `goadmin_menu`;

CREATE TABLE `goadmin_menu` (
  `id` int(10) unsigned NOT NULL AUTO_INCREMENT,
  `parent_id` int(11) unsigned NOT NULL DEFAULT '0',
  `type` tinyint(4) unsigned NOT NULL DEFAULT '0',
  `order` int(11) unsigned NOT NULL DEFAULT '0',
  `title` varchar(50) COLLATE utf8mb4_unicode_ci NOT NULL,
  `icon` varchar(50) COLLATE utf8mb4_unicode_ci NOT NULL,
  `uri` varchar(3000) COLLATE utf8mb4_unicode_ci NOT NULL DEFAULT '',
  `header` varchar(150) COLLATE utf8mb4_unicode_ci DEFAULT NULL,
  `plugin_name` varchar(150) COLLATE utf8mb4_unicode_ci NOT NULL DEFAULT '',
  `uuid` varchar(150) COLLATE utf8mb4_unicode_ci DEFAULT NULL,
  `created_at` timestamp NULL DEFAULT CURRENT_TIMESTAMP,
  `updated_at` timestamp NULL DEFAULT CURRENT_TIMESTAMP,
  PRIMARY KEY (`id`)
) ENGINE=InnoDB DEFAULT CHARSET=utf8mb4 COLLATE=utf8mb4_unicode_ci;

LOCK TABLES `goadmin_menu` WRITE;
/*!40000 ALTER TABLE `goadmin_menu` DISABLE KEYS */;

INSERT INTO `goadmin_menu` (`id`, `parent_id`, `type`, `order`, `title`, `icon`, `uri`, `header`, `plugin_name`, `uuid`, `created_at`, `updated_at`)
VALUES
	(1,0,1,2,'Admin','fa-tasks','',NULL,'',NULL,'2019-09-10 00:00:00','2019-09-10 00:00:00'),
	(2,1,1,2,'Users','fa-users','/info/manager',NULL,'',NULL,'2019-09-10 00:00:00','2019-09-10 00:00:00'),
	(3,1,1,3,'Roles','fa-user','/info/roles',NULL,'',NULL,'2019-09-10 00:00:00','2019-09-10 00:00:00'),
	(4,1,1,4,'Permission','fa-ban','/info/permission',NULL,'',NULL,'2019-09-10 00:00:00','2019-09-10 00:00:00'),
	(5,1,1,5,'Menu','fa-bars','/menu',NULL,'',NULL,'2019-09-10 00:00:00','2019-09-10 00:00:00'),
	(6,1,1,6,'Operation log','fa-history','/info/op',NULL,'',NULL,'2019-09-10 00:00:00','2019-09-10 00:00:00'),
	(7,0,1,1,'Dashboard','fa-bar-chart','/',NULL,'',NULL,'2019-09-10 00:00:00','2019-09-10 00:00:00'),
	(9,0,0,7,'게임별 상세','fa-bars','','테스트','',NULL,'2022-09-02 06:45:58','2022-09-02 06:45:58'),
	(10,9,0,7,'합성소녀','fa-gamepad','/info/users','','',NULL,'2022-09-02 06:47:21','2022-09-02 17:58:51'),
	(11,9,0,8,'프린세스테일','fa-gamepad','/table','','',NULL,'2022-09-02 07:18:59','2022-09-02 18:00:29'),
	(12,0,0,9,'Hello','fa-header','/hello','','',NULL,'2022-10-14 07:52:13','2022-10-14 16:53:14');

/*!40000 ALTER TABLE `goadmin_menu` ENABLE KEYS */;
UNLOCK TABLES;


# Dump of table goadmin_operation_log
# ------------------------------------------------------------

DROP TABLE IF EXISTS `goadmin_operation_log`;

CREATE TABLE `goadmin_operation_log` (
  `id` int(10) unsigned NOT NULL AUTO_INCREMENT,
  `user_id` int(11) unsigned NOT NULL,
  `path` varchar(255) COLLATE utf8mb4_unicode_ci NOT NULL,
  `method` varchar(10) COLLATE utf8mb4_unicode_ci NOT NULL,
  `ip` varchar(15) COLLATE utf8mb4_unicode_ci NOT NULL,
  `input` text COLLATE utf8mb4_unicode_ci NOT NULL,
  `created_at` timestamp NULL DEFAULT CURRENT_TIMESTAMP,
  `updated_at` timestamp NULL DEFAULT CURRENT_TIMESTAMP,
  PRIMARY KEY (`id`),
  KEY `admin_operation_log_user_id_index` (`user_id`)
) ENGINE=InnoDB DEFAULT CHARSET=utf8mb4 COLLATE=utf8mb4_unicode_ci;

LOCK TABLES `goadmin_operation_log` WRITE;
/*!40000 ALTER TABLE `goadmin_operation_log` DISABLE KEYS */;

INSERT INTO `goadmin_operation_log` (`id`, `user_id`, `path`, `method`, `ip`, `input`, `created_at`, `updated_at`)
VALUES
	(1,1,'/admin','GET','127.0.0.1','','2022-09-01 09:57:10','2022-09-01 09:57:10'),
	(2,1,'/admin','GET','127.0.0.1','','2022-09-01 09:57:27','2022-09-01 09:57:27'),
	(3,1,'/admin','GET','127.0.0.1','','2022-09-01 09:57:35','2022-09-01 09:57:35'),
	(4,1,'/admin/menu','GET','127.0.0.1','','2022-09-01 09:57:38','2022-09-01 09:57:38'),
	(5,1,'/admin/info/roles','GET','127.0.0.1','','2022-09-01 09:57:40','2022-09-01 09:57:40'),
	(6,1,'/admin/info/manager','GET','127.0.0.1','','2022-09-01 09:57:40','2022-09-01 09:57:40'),
	(7,1,'/admin','GET','127.0.0.1','','2022-09-01 09:57:42','2022-09-01 09:57:42'),
	(8,1,'/admin/info/op','GET','127.0.0.1','','2022-09-01 09:59:17','2022-09-01 09:59:17'),
	(9,1,'/admin/info/roles','GET','127.0.0.1','','2022-09-01 09:59:20','2022-09-01 09:59:20'),
	(10,1,'/admin/info/manager','GET','127.0.0.1','','2022-09-01 09:59:21','2022-09-01 09:59:21'),
	(11,1,'/admin/info/manager','GET','127.0.0.1','','2022-09-02 01:43:10','2022-09-02 01:43:10'),
	(12,1,'/admin/menu','GET','127.0.0.1','','2022-09-02 01:43:17','2022-09-02 01:43:17'),
	(13,1,'/admin','GET','127.0.0.1','','2022-09-02 03:50:25','2022-09-02 03:50:25'),
	(14,1,'/admin','GET','::1','','2022-09-02 06:20:04','2022-09-02 06:20:04'),
	(15,1,'/admin/info/op','GET','::1','','2022-09-02 06:22:02','2022-09-02 06:22:02'),
	(16,1,'/admin/menu','GET','::1','','2022-09-02 06:22:04','2022-09-02 06:22:04'),
	(17,1,'/admin/menu/edit/show','GET','::1','','2022-09-02 06:24:20','2022-09-02 06:24:20'),
	(18,1,'/admin/menu','GET','::1','','2022-09-02 06:24:27','2022-09-02 06:24:27'),
	(19,1,'/admin/menu/new','POST','::1','{\"__go_admin_previous_\":[\"/admin/menu\"],\"__go_admin_t_\":[\"c1747cd4-0169-4e7b-8087-c4d2fb229485\"],\"header\":[\"\"],\"icon\":[\"fa-tasks\"],\"parent_id\":[\"0\"],\"plugin_name\":[\"\"],\"roles[]\":[\"2\"],\"title\":[\"게임별 상세\"],\"uri\":[\"/admin/test\"]}','2022-09-02 06:25:46','2022-09-02 06:25:46'),
	(20,1,'/admin/menu/order','POST','::1','','2022-09-02 06:25:50','2022-09-02 06:25:50'),
	(21,1,'/admin/menu','GET','::1','','2022-09-02 06:25:50','2022-09-02 06:25:50'),
	(22,1,'/admin/menu','GET','::1','','2022-09-02 06:25:52','2022-09-02 06:25:52'),
	(23,1,'/admin/menu','GET','::1','','2022-09-02 06:25:54','2022-09-02 06:25:54'),
	(24,1,'/admin/menu/edit/show','GET','::1','','2022-09-02 06:28:10','2022-09-02 06:28:10'),
	(25,1,'/admin/menu/edit','POST','::1','{\"__go_admin_previous_\":[\"/admin/menu\"],\"__go_admin_t_\":[\"77597127-8ee3-450a-b6c4-3f181fe4f8e8\"],\"created_at\":[\"2022-09-02 06:25:46\"],\"header\":[\"tables\"],\"icon\":[\"fa-user\"],\"id\":[\"8\"],\"parent_id\":[\"0\"],\"plugin_name\":[\"\"],\"roles[]\":[\"1\",\"2\"],\"title\":[\"게임별 상세\"],\"updated_at\":[\"2022-09-02 06:25:46\"],\"uri\":[\"/info/users\"]}','2022-09-02 06:30:52','2022-09-02 06:30:52'),
	(26,1,'/admin/menu','GET','::1','','2022-09-02 06:31:03','2022-09-02 06:31:03'),
	(27,1,'/admin/menu/order','POST','::1','','2022-09-02 06:31:04','2022-09-02 06:31:04'),
	(28,1,'/admin/menu','GET','::1','','2022-09-02 06:31:04','2022-09-02 06:31:04'),
	(29,1,'/admin/menu','GET','::1','','2022-09-02 06:31:05','2022-09-02 06:31:05'),
	(30,1,'/admin/menu','GET','::1','','2022-09-02 06:31:06','2022-09-02 06:31:06'),
	(31,1,'/admin/info/users','GET','::1','','2022-09-02 06:31:07','2022-09-02 06:31:07'),
	(32,1,'/admin/menu','GET','::1','','2022-09-02 06:31:12','2022-09-02 06:31:12'),
	(33,1,'/admin/info/users','GET','::1','','2022-09-02 06:31:18','2022-09-02 06:31:18'),
	(34,1,'/admin/menu','GET','::1','','2022-09-02 06:31:19','2022-09-02 06:31:19'),
	(35,1,'/admin/menu/edit/show','GET','::1','','2022-09-02 06:31:22','2022-09-02 06:31:22'),
	(36,1,'/admin/info/users','GET','::1','','2022-09-02 06:31:26','2022-09-02 06:31:26'),
	(37,1,'/admin/menu','GET','::1','','2022-09-02 06:31:30','2022-09-02 06:31:30'),
	(38,1,'/admin/menu/delete','POST','::1','','2022-09-02 06:39:39','2022-09-02 06:39:39'),
	(39,1,'/admin/menu','GET','::1','','2022-09-02 06:39:39','2022-09-02 06:39:39'),
	(40,1,'/admin/menu/order','POST','::1','','2022-09-02 06:39:42','2022-09-02 06:39:42'),
	(41,1,'/admin/menu','GET','::1','','2022-09-02 06:39:42','2022-09-02 06:39:42'),
	(42,1,'/admin/menu','GET','::1','','2022-09-02 06:39:43','2022-09-02 06:39:43'),
	(43,1,'/admin/menu','GET','::1','','2022-09-02 06:39:45','2022-09-02 06:39:45'),
	(44,1,'/admin/menu','GET','::1','','2022-09-02 06:39:49','2022-09-02 06:39:49'),
	(45,1,'/admin/menu','GET','::1','','2022-09-02 06:44:59','2022-09-02 06:44:59'),
	(46,1,'/admin/menu/new','POST','::1','{\"__go_admin_previous_\":[\"/admin/menu\"],\"__go_admin_t_\":[\"0c51bb65-c722-443d-8990-fac52c70aea9\"],\"header\":[\"테스트\"],\"icon\":[\"fa-bars\"],\"parent_id\":[\"0\"],\"plugin_name\":[\"\"],\"roles[]\":[\"2\"],\"title\":[\"게임별 상세\"],\"uri\":[\"\"]}','2022-09-02 06:45:58','2022-09-02 06:45:58'),
	(47,1,'/admin/menu/edit/show','GET','::1','','2022-09-02 06:46:02','2022-09-02 06:46:02'),
	(48,1,'/admin/menu','GET','::1','','2022-09-02 06:46:05','2022-09-02 06:46:05'),
	(49,1,'/admin/menu/order','POST','::1','','2022-09-02 06:46:08','2022-09-02 06:46:08'),
	(50,1,'/admin/menu','GET','::1','','2022-09-02 06:46:08','2022-09-02 06:46:08'),
	(51,1,'/admin/menu','GET','::1','','2022-09-02 06:46:10','2022-09-02 06:46:10'),
	(52,1,'/admin','GET','::1','','2022-09-02 06:46:13','2022-09-02 06:46:13'),
	(53,1,'/admin/menu','GET','::1','','2022-09-02 06:46:16','2022-09-02 06:46:16'),
	(54,1,'/admin/menu/new','POST','::1','{\"__go_admin_previous_\":[\"/admin/menu\"],\"__go_admin_t_\":[\"735aa1bb-f0c2-4061-9757-41a4928efec3\"],\"header\":[\"\"],\"icon\":[\"fa-gamepad\"],\"parent_id\":[\"9\"],\"plugin_name\":[\"\"],\"roles[]\":[\"2\"],\"title\":[\"합성소녀\"],\"uri\":[\"/info/users\"]}','2022-09-02 06:47:21','2022-09-02 06:47:21'),
	(55,1,'/admin','GET','::1','','2022-09-02 06:47:23','2022-09-02 06:47:23'),
	(56,1,'/admin/menu','GET','::1','','2022-09-02 06:47:25','2022-09-02 06:47:25'),
	(57,1,'/admin/menu/order','POST','::1','','2022-09-02 06:47:27','2022-09-02 06:47:27'),
	(58,1,'/admin/menu','GET','::1','','2022-09-02 06:47:27','2022-09-02 06:47:27'),
	(59,1,'/admin/menu','GET','::1','','2022-09-02 06:47:29','2022-09-02 06:47:29'),
	(60,1,'/admin/menu','GET','::1','','2022-09-02 06:47:31','2022-09-02 06:47:31'),
	(61,1,'/admin/info/users','GET','::1','','2022-09-02 06:47:33','2022-09-02 06:47:33'),
	(62,1,'/admin/menu','GET','::1','','2022-09-02 06:47:40','2022-09-02 06:47:40'),
	(63,1,'/admin/menu','GET','::1','','2022-09-02 06:56:22','2022-09-02 06:56:22'),
	(64,1,'/admin/info/users','GET','::1','','2022-09-02 06:56:24','2022-09-02 06:56:24'),
	(65,1,'/admin/info/users','GET','::1','','2022-09-02 06:56:56','2022-09-02 06:56:56'),
	(66,1,'/admin/info/users','GET','::1','','2022-09-02 06:59:48','2022-09-02 06:59:48'),
	(67,1,'/admin/info/users','GET','::1','','2022-09-02 06:59:49','2022-09-02 06:59:49'),
	(68,1,'/admin/info/users','GET','::1','','2022-09-02 06:59:49','2022-09-02 06:59:49'),
	(69,1,'/admin/menu','GET','::1','','2022-09-02 06:59:51','2022-09-02 06:59:51'),
	(70,1,'/admin/info/users','GET','::1','','2022-09-02 06:59:54','2022-09-02 06:59:54'),
	(71,1,'/admin','GET','::1','','2022-09-02 07:00:42','2022-09-02 07:00:42'),
	(72,1,'/admin/info/manager','GET','::1','','2022-09-02 07:00:57','2022-09-02 07:00:57'),
	(73,1,'/admin/menu','GET','::1','','2022-09-02 07:01:06','2022-09-02 07:01:06'),
	(74,1,'/admin/info/users','GET','::1','','2022-09-02 07:01:12','2022-09-02 07:01:12'),
	(75,1,'/admin/info/users','GET','::1','','2022-09-02 07:01:58','2022-09-02 07:01:58'),
	(76,1,'/admin/info/users','GET','::1','','2022-09-02 07:02:05','2022-09-02 07:02:05'),
	(77,1,'/admin/info/users','GET','::1','','2022-09-02 07:02:09','2022-09-02 07:02:09'),
	(78,1,'/admin/menu','GET','::1','','2022-09-02 07:11:26','2022-09-02 07:11:26'),
	(79,1,'/admin/menu','GET','::1','','2022-09-02 07:11:28','2022-09-02 07:11:28'),
	(80,1,'/admin/menu/edit/show','GET','::1','','2022-09-02 07:11:41','2022-09-02 07:11:41'),
	(81,1,'/admin/menu/edit','POST','::1','{\"__go_admin_previous_\":[\"/admin/menu\"],\"__go_admin_t_\":[\"20f17f81-a319-4245-b011-88f3b6277801\"],\"created_at\":[\"2022-09-02 06:47:21\"],\"header\":[\"tables\"],\"icon\":[\"fa-gamepad\"],\"id\":[\"10\"],\"parent_id\":[\"9\"],\"plugin_name\":[\"\"],\"roles[]\":[\"2\"],\"title\":[\"Users\"],\"updated_at\":[\"2022-09-02 06:47:21\"],\"uri\":[\"/info/users\"]}','2022-09-02 07:12:21','2022-09-02 07:12:21'),
	(82,1,'/admin/menu/order','POST','::1','','2022-09-02 07:12:24','2022-09-02 07:12:24'),
	(83,1,'/admin/menu','GET','::1','','2022-09-02 07:12:24','2022-09-02 07:12:24'),
	(84,1,'/admin/menu','GET','::1','','2022-09-02 07:12:24','2022-09-02 07:12:24'),
	(85,1,'/admin/menu','GET','::1','','2022-09-02 07:12:25','2022-09-02 07:12:25'),
	(86,1,'/admin/info/users','GET','::1','','2022-09-02 07:12:28','2022-09-02 07:12:28'),
	(87,1,'/admin/info/users','GET','::1','','2022-09-02 07:12:30','2022-09-02 07:12:30'),
	(88,1,'/admin/menu','GET','::1','','2022-09-02 07:12:35','2022-09-02 07:12:35'),
	(89,1,'/admin/menu/edit/show','GET','::1','','2022-09-02 07:12:41','2022-09-02 07:12:41'),
	(90,1,'/admin/menu/edit/show','GET','::1','','2022-09-02 07:12:50','2022-09-02 07:12:50'),
	(91,1,'/admin/menu/edit/show','GET','::1','','2022-09-02 07:12:51','2022-09-02 07:12:51'),
	(92,1,'/admin/menu/edit/show','GET','::1','','2022-09-02 07:13:20','2022-09-02 07:13:20'),
	(93,1,'/admin/info/users','GET','::1','','2022-09-02 07:13:23','2022-09-02 07:13:23'),
	(94,1,'/admin/info/users','GET','::1','','2022-09-02 07:13:24','2022-09-02 07:13:24'),
	(95,1,'/admin/info/users','GET','::1','','2022-09-02 07:13:24','2022-09-02 07:13:24'),
	(96,1,'/admin/info/users','GET','::1','','2022-09-02 07:13:24','2022-09-02 07:13:24'),
	(97,1,'/admin/info/users','GET','::1','','2022-09-02 07:13:24','2022-09-02 07:13:24'),
	(98,1,'/admin/info/users','GET','::1','','2022-09-02 07:13:24','2022-09-02 07:13:24'),
	(99,1,'/admin/info/users','GET','::1','','2022-09-02 07:13:28','2022-09-02 07:13:28'),
	(100,1,'/admin/info/users','GET','::1','','2022-09-02 07:13:39','2022-09-02 07:13:39'),
	(101,1,'/admin/info/users','GET','::1','','2022-09-02 07:17:57','2022-09-02 07:17:57'),
	(102,1,'/admin/menu','GET','::1','','2022-09-02 07:18:00','2022-09-02 07:18:00'),
	(103,1,'/admin/menu/new','POST','::1','{\"__go_admin_previous_\":[\"/admin/menu\"],\"__go_admin_t_\":[\"d6b29f97-a76d-4f5a-b061-9610abbba9eb\"],\"header\":[\"\"],\"icon\":[\"fa-bars\"],\"parent_id\":[\"0\"],\"plugin_name\":[\"\"],\"roles[]\":[\"1\"],\"title\":[\"Table\"],\"uri\":[\"/table\"]}','2022-09-02 07:18:59','2022-09-02 07:18:59'),
	(104,1,'/admin/menu/order','POST','::1','','2022-09-02 07:19:01','2022-09-02 07:19:01'),
	(105,1,'/admin/menu','GET','::1','','2022-09-02 07:19:01','2022-09-02 07:19:01'),
	(106,1,'/admin/menu','GET','::1','','2022-09-02 07:19:02','2022-09-02 07:19:02'),
	(107,1,'/admin/table','GET','::1','','2022-09-02 07:19:04','2022-09-02 07:19:04'),
	(108,1,'/admin/info/users','GET','::1','','2022-09-02 07:19:09','2022-09-02 07:19:09'),
	(109,1,'/admin/menu','GET','::1','','2022-09-02 07:19:15','2022-09-02 07:19:15'),
	(110,1,'/admin/menu/order','POST','::1','','2022-09-02 07:19:25','2022-09-02 07:19:25'),
	(111,1,'/admin/menu','GET','::1','','2022-09-02 07:19:25','2022-09-02 07:19:25'),
	(112,1,'/admin/menu','GET','::1','','2022-09-02 07:19:27','2022-09-02 07:19:27'),
	(113,1,'/admin/menu','GET','::1','','2022-09-02 07:19:27','2022-09-02 07:19:27'),
	(114,1,'/admin/info/users','GET','::1','','2022-09-02 07:19:31','2022-09-02 07:19:31'),
	(115,1,'/admin','GET','::1','','2022-09-02 07:19:33','2022-09-02 07:19:33'),
	(116,1,'/admin/info/users','GET','::1','','2022-09-02 07:19:34','2022-09-02 07:19:34'),
	(117,1,'/admin/info/users','GET','::1','','2022-09-02 07:23:13','2022-09-02 07:23:13'),
	(118,1,'/admin/table','GET','::1','','2022-09-02 07:23:15','2022-09-02 07:23:15'),
	(119,1,'/admin/info/users','GET','::1','','2022-09-02 07:23:15','2022-09-02 07:23:15'),
	(120,1,'/admin','GET','::1','','2022-09-02 08:56:00','2022-09-02 08:56:00'),
	(121,1,'/admin/info/users','GET','::1','','2022-09-02 08:56:01','2022-09-02 08:56:01'),
	(122,1,'/admin/update/users','POST','::1','','2022-09-02 08:56:13','2022-09-02 08:56:13'),
	(123,1,'/admin/update/users','POST','::1','','2022-09-02 08:56:14','2022-09-02 08:56:14'),
	(124,1,'/admin/menu','GET','::1','','2022-09-02 08:58:16','2022-09-02 08:58:16'),
	(125,1,'/admin/menu/order','POST','::1','','2022-09-02 08:58:26','2022-09-02 08:58:26'),
	(126,1,'/admin/menu','GET','::1','','2022-09-02 08:58:26','2022-09-02 08:58:26'),
	(127,1,'/admin/menu','GET','::1','','2022-09-02 08:58:28','2022-09-02 08:58:28'),
	(128,1,'/admin/menu','GET','::1','','2022-09-02 08:58:29','2022-09-02 08:58:29'),
	(129,1,'/admin/info/users','GET','::1','','2022-09-02 08:58:31','2022-09-02 08:58:31'),
	(130,1,'/admin/menu','GET','::1','','2022-09-02 08:58:36','2022-09-02 08:58:36'),
	(131,1,'/admin/menu/edit/show','GET','::1','','2022-09-02 08:58:39','2022-09-02 08:58:39'),
	(132,1,'/admin/menu/edit','POST','::1','{\"__go_admin_previous_\":[\"/admin/menu\"],\"__go_admin_t_\":[\"4054600a-6a28-42e3-b078-f4cfd47cbb92\"],\"created_at\":[\"2022-09-02 06:47:21\"],\"header\":[\"\"],\"icon\":[\"fa-gamepad\"],\"id\":[\"10\"],\"parent_id\":[\"9\"],\"plugin_name\":[\"\"],\"roles[]\":[\"2\"],\"title\":[\"합성소녀\"],\"updated_at\":[\"2022-09-02 16:12:21\"],\"uri\":[\"/info/users\"]}','2022-09-02 08:58:51','2022-09-02 08:58:51'),
	(133,1,'/admin/menu/order','POST','::1','','2022-09-02 08:58:54','2022-09-02 08:58:54'),
	(134,1,'/admin/menu','GET','::1','','2022-09-02 08:58:54','2022-09-02 08:58:54'),
	(135,1,'/admin/menu','GET','::1','','2022-09-02 08:58:57','2022-09-02 08:58:57'),
	(136,1,'/admin/info/users','GET','::1','','2022-09-02 08:59:00','2022-09-02 08:59:00'),
	(137,1,'/admin/info/users','GET','::1','','2022-09-02 08:59:00','2022-09-02 08:59:00'),
	(138,1,'/admin/table','GET','::1','','2022-09-02 08:59:07','2022-09-02 08:59:07'),
	(139,1,'/admin/info/users','GET','::1','','2022-09-02 08:59:08','2022-09-02 08:59:08'),
	(140,1,'/admin/table','GET','::1','','2022-09-02 08:59:09','2022-09-02 08:59:09'),
	(141,1,'/admin/info/users','GET','::1','','2022-09-02 08:59:11','2022-09-02 08:59:11'),
	(142,1,'/admin/menu','GET','::1','','2022-09-02 08:59:15','2022-09-02 08:59:15'),
	(143,1,'/admin/menu/edit/show','GET','::1','','2022-09-02 08:59:18','2022-09-02 08:59:18'),
	(144,1,'/admin/menu/edit','POST','::1','{\"__go_admin_previous_\":[\"/admin/menu\"],\"__go_admin_t_\":[\"9cf51810-6f92-414d-9c35-4abd5ec51990\"],\"created_at\":[\"2022-09-02 07:18:59\"],\"header\":[\"\"],\"icon\":[\"fa-bars\"],\"id\":[\"11\"],\"parent_id\":[\"9\"],\"plugin_name\":[\"\"],\"roles[]\":[\"1\"],\"title\":[\"프린세스테일\"],\"updated_at\":[\"2022-09-02 07:18:59\"],\"uri\":[\"/table\"]}','2022-09-02 08:59:37','2022-09-02 08:59:37'),
	(145,1,'/admin/menu/order','POST','::1','','2022-09-02 08:59:40','2022-09-02 08:59:40'),
	(146,1,'/admin/menu','GET','::1','','2022-09-02 08:59:40','2022-09-02 08:59:40'),
	(147,1,'/admin/menu','GET','::1','','2022-09-02 08:59:43','2022-09-02 08:59:43'),
	(148,1,'/admin/table','GET','::1','','2022-09-02 08:59:46','2022-09-02 08:59:46'),
	(149,1,'/admin/info/users','GET','::1','','2022-09-02 08:59:47','2022-09-02 08:59:47'),
	(150,1,'/admin/menu','GET','::1','','2022-09-02 09:00:07','2022-09-02 09:00:07'),
	(151,1,'/admin/menu/edit/show','GET','::1','','2022-09-02 09:00:09','2022-09-02 09:00:09'),
	(152,1,'/admin/menu/edit','POST','::1','{\"__go_admin_previous_\":[\"/admin/menu\"],\"__go_admin_t_\":[\"b3010b78-d1ed-4086-8804-2b19e518dd1a\"],\"created_at\":[\"2022-09-02 07:18:59\"],\"header\":[\"\"],\"icon\":[\"fa-gamepad\"],\"id\":[\"11\"],\"parent_id\":[\"9\"],\"plugin_name\":[\"\"],\"roles[]\":[\"1\"],\"title\":[\"프린세스테일\"],\"updated_at\":[\"2022-09-02 17:59:37\"],\"uri\":[\"/table\"]}','2022-09-02 09:00:18','2022-09-02 09:00:18'),
	(153,1,'/admin/menu/edit/show','GET','::1','','2022-09-02 09:00:21','2022-09-02 09:00:21'),
	(154,1,'/admin/menu','GET','::1','','2022-09-02 09:00:23','2022-09-02 09:00:23'),
	(155,1,'/admin/menu/edit/show','GET','::1','','2022-09-02 09:00:24','2022-09-02 09:00:24'),
	(156,1,'/admin/menu/edit','POST','::1','{\"__go_admin_previous_\":[\"/admin/menu\"],\"__go_admin_t_\":[\"ab2e2492-07fb-4594-b814-033e229a83de\"],\"created_at\":[\"2022-09-02 07:18:59\"],\"header\":[\"\"],\"icon\":[\"fa-gamepad\"],\"id\":[\"11\"],\"parent_id\":[\"9\"],\"plugin_name\":[\"\"],\"roles[]\":[\"2\"],\"title\":[\"프린세스테일\"],\"updated_at\":[\"2022-09-02 18:00:18\"],\"uri\":[\"/table\"]}','2022-09-02 09:00:29','2022-09-02 09:00:29'),
	(157,1,'/admin/menu/order','POST','::1','','2022-09-02 09:00:31','2022-09-02 09:00:31'),
	(158,1,'/admin/menu','GET','::1','','2022-09-02 09:00:31','2022-09-02 09:00:31'),
	(159,1,'/admin','GET','::1','','2022-09-02 09:00:37','2022-09-02 09:00:37'),
	(160,1,'/admin/info/users','GET','::1','','2022-09-02 09:00:40','2022-09-02 09:00:40'),
	(161,1,'/admin/table','GET','::1','','2022-09-02 09:00:41','2022-09-02 09:00:41'),
	(162,1,'/admin/menu','GET','::1','','2022-09-02 09:00:46','2022-09-02 09:00:46'),
	(163,1,'/admin/menu/order','POST','::1','','2022-09-02 09:00:48','2022-09-02 09:00:48'),
	(164,1,'/admin/menu','GET','::1','','2022-09-02 09:00:48','2022-09-02 09:00:48'),
	(165,1,'/admin/menu','GET','::1','','2022-09-02 09:00:48','2022-09-02 09:00:48'),
	(166,1,'/admin/menu','GET','::1','','2022-09-02 09:00:50','2022-09-02 09:00:50'),
	(167,1,'/admin/table','GET','::1','','2022-09-02 09:00:52','2022-09-02 09:00:52'),
	(168,1,'/admin/info/users','GET','::1','','2022-09-02 09:00:53','2022-09-02 09:00:53'),
	(169,1,'/admin/table','GET','::1','','2022-09-02 09:00:54','2022-09-02 09:00:54'),
	(170,1,'/admin','GET','::1','','2022-09-05 01:20:30','2022-09-05 01:20:30'),
	(171,1,'/admin/info/users','GET','::1','','2022-09-05 01:20:35','2022-09-05 01:20:35'),
	(172,1,'/admin/table','GET','::1','','2022-09-05 01:20:40','2022-09-05 01:20:40'),
	(173,1,'/admin/info/users','GET','::1','','2022-09-05 01:20:42','2022-09-05 01:20:42'),
	(174,1,'/admin/operation/_see_more_example','POST','::1','','2022-09-05 01:21:39','2022-09-05 01:21:39'),
	(175,1,'/admin/operation/_see_more_example','POST','::1','','2022-09-05 01:21:43','2022-09-05 01:21:43'),
	(176,1,'/admin/operation/_see_more_example','POST','::1','','2022-09-05 01:21:47','2022-09-05 01:21:47'),
	(177,1,'/admin/operation/_see_more_example','POST','::1','','2022-09-05 01:21:51','2022-09-05 01:21:51'),
	(178,1,'/admin/table','GET','::1','','2022-09-05 01:22:01','2022-09-05 01:22:01'),
	(179,1,'/admin/info/users','GET','::1','','2022-09-05 01:22:03','2022-09-05 01:22:03'),
	(180,1,'/admin/table','GET','::1','','2022-09-05 01:22:17','2022-09-05 01:22:17'),
	(181,1,'/admin/table','GET','::1','','2022-09-05 01:22:31','2022-09-05 01:22:31'),
	(182,1,'/admin/table','GET','::1','','2022-09-05 01:22:37','2022-09-05 01:22:37'),
	(183,1,'/admin/table','GET','::1','','2022-09-05 01:22:45','2022-09-05 01:22:45'),
	(184,1,'/admin/table','GET','::1','','2022-09-05 01:22:49','2022-09-05 01:22:49'),
	(185,1,'/admin/operation/ajax_id','POST','::1','','2022-09-05 01:22:57','2022-09-05 01:22:57'),
	(186,1,'/admin','GET','::1','','2022-09-05 01:23:05','2022-09-05 01:23:05'),
	(187,1,'/admin/info/users','GET','::1','','2022-09-05 02:37:46','2022-09-05 02:37:46'),
	(188,1,'/admin','GET','::1','','2022-09-05 05:01:32','2022-09-05 05:01:32'),
	(189,1,'/admin/info/generate/new','GET','::1','','2022-09-05 05:01:34','2022-09-05 05:01:34'),
	(190,1,'/admin/operation/_tool_choose_conn','POST','::1','','2022-09-05 05:01:57','2022-09-05 05:01:57'),
	(191,1,'/admin/operation/_tool_choose_table','POST','::1','','2022-09-05 05:02:00','2022-09-05 05:02:00'),
	(192,1,'/admin/plugins','GET','::1','','2022-09-05 05:04:53','2022-09-05 05:04:53'),
	(193,1,'/admin/plugins/store','GET','::1','','2022-09-05 05:04:59','2022-09-05 05:04:59'),
	(194,1,'/admin/plugins','GET','::1','','2022-09-05 05:05:08','2022-09-05 05:05:08'),
	(195,1,'/admin/info/generate/new','GET','::1','','2022-09-05 05:05:09','2022-09-05 05:05:09'),
	(196,1,'/admin/plugins','GET','::1','','2022-09-05 05:05:13','2022-09-05 05:05:13'),
	(197,1,'/admin','GET','::1','','2022-09-05 05:05:21','2022-09-05 05:05:21'),
	(198,1,'/admin/info/users','GET','::1','','2022-09-05 05:05:27','2022-09-05 05:05:27'),
	(199,1,'/admin/info/users','GET','::1','','2022-09-05 05:05:48','2022-09-05 05:05:48'),
	(200,1,'/admin/info/users','GET','::1','','2022-09-05 05:05:49','2022-09-05 05:05:49'),
	(201,1,'/admin/info/users','GET','::1','','2022-09-05 05:05:50','2022-09-05 05:05:50'),
	(202,1,'/admin/table','GET','::1','','2022-09-05 05:05:53','2022-09-05 05:05:53'),
	(203,1,'/admin/table','GET','::1','','2022-09-05 05:05:54','2022-09-05 05:05:54'),
	(204,1,'/admin/table','GET','::1','','2022-09-05 05:05:56','2022-09-05 05:05:56'),
	(205,1,'/admin/table','GET','::1','','2022-09-05 05:06:00','2022-09-05 05:06:00'),
	(206,1,'/admin/info/users','GET','::1','','2022-09-05 05:06:05','2022-09-05 05:06:05'),
	(207,1,'/admin/info/users','GET','::1','','2022-09-05 05:06:08','2022-09-05 05:06:08'),
	(208,1,'/admin/info/users','GET','::1','','2022-09-05 05:06:09','2022-09-05 05:06:09'),
	(209,1,'/admin/application/info','GET','::1','','2022-09-05 05:06:19','2022-09-05 05:06:19'),
	(210,1,'/admin/info/generate/new','GET','::1','','2022-09-05 05:06:21','2022-09-05 05:06:21'),
	(211,1,'/admin/info/site/edit','GET','::1','','2022-09-05 05:06:23','2022-09-05 05:06:23'),
	(212,1,'/admin','GET','::1','','2022-09-05 05:07:26','2022-09-05 05:07:26'),
	(213,1,'/admin','GET','::1','','2022-09-06 03:37:17','2022-09-06 03:37:17'),
	(214,1,'/admin/plugins','GET','::1','','2022-09-06 03:37:21','2022-09-06 03:37:21'),
	(215,1,'/admin/plugins','GET','::1','','2022-09-06 03:37:24','2022-09-06 03:37:24'),
	(216,1,'/admin/menu','GET','::1','','2022-09-06 03:37:32','2022-09-06 03:37:32'),
	(217,1,'/admin/info/users','GET','::1','','2022-09-06 03:37:37','2022-09-06 03:37:37'),
	(218,1,'/admin/table','GET','::1','','2022-09-06 03:38:22','2022-09-06 03:38:22'),
	(219,1,'/admin/table','GET','::1','','2022-09-06 03:38:34','2022-09-06 03:38:34'),
	(220,1,'/admin/table','GET','::1','','2022-09-06 03:38:35','2022-09-06 03:38:35'),
	(221,1,'/admin/info/users','GET','::1','','2022-09-06 03:38:36','2022-09-06 03:38:36'),
	(222,1,'/admin/table','GET','::1','','2022-09-06 03:38:37','2022-09-06 03:38:37'),
	(223,1,'/admin/table','GET','::1','','2022-09-06 03:38:40','2022-09-06 03:38:40'),
	(224,1,'/admin/table','GET','::1','','2022-09-06 03:38:45','2022-09-06 03:38:45'),
	(225,1,'/admin/table','GET','::1','','2022-09-06 03:39:02','2022-09-06 03:39:02'),
	(226,1,'/admin/info/users','GET','::1','','2022-09-06 03:39:03','2022-09-06 03:39:03'),
	(227,1,'/admin/table','GET','::1','','2022-09-06 03:39:05','2022-09-06 03:39:05'),
	(228,1,'/admin/info/users','GET','::1','','2022-09-06 03:39:06','2022-09-06 03:39:06'),
	(229,1,'/admin','GET','::1','','2022-09-22 10:06:16','2022-09-22 10:06:16'),
	(230,1,'/admin/info/users','GET','::1','','2022-09-22 10:06:23','2022-09-22 10:06:23'),
	(231,1,'/admin/table','GET','::1','','2022-09-22 10:06:25','2022-09-22 10:06:25'),
	(232,1,'/admin/info/manager','GET','::1','','2022-09-22 10:06:28','2022-09-22 10:06:28'),
	(233,1,'/admin/info/roles','GET','::1','','2022-09-22 10:06:29','2022-09-22 10:06:29'),
	(234,1,'/admin/info/permission','GET','::1','','2022-09-22 10:06:30','2022-09-22 10:06:30'),
	(235,1,'/admin/menu','GET','::1','','2022-09-22 10:06:30','2022-09-22 10:06:30'),
	(236,1,'/admin/info/op','GET','::1','','2022-09-22 10:06:30','2022-09-22 10:06:30'),
	(237,1,'/admin','GET','::1','','2022-09-22 10:06:31','2022-09-22 10:06:31'),
	(238,1,'/admin','GET','::1','','2022-09-28 06:33:05','2022-09-28 06:33:05'),
	(239,1,'/admin/info/manager','GET','::1','','2022-09-28 06:33:12','2022-09-28 06:33:12'),
	(240,1,'/admin/info/roles','GET','::1','','2022-09-28 06:35:16','2022-09-28 06:35:16'),
	(241,1,'/admin/info/permission','GET','::1','','2022-09-28 06:35:16','2022-09-28 06:35:16'),
	(242,1,'/admin/info/permission','GET','::1','','2022-09-28 06:35:17','2022-09-28 06:35:17'),
	(243,1,'/admin/info/users','GET','::1','','2022-09-28 06:35:21','2022-09-28 06:35:21'),
	(244,1,'/admin/table','GET','::1','','2022-09-28 06:35:23','2022-09-28 06:35:23'),
	(245,1,'/admin/info/users','GET','::1','','2022-09-28 06:35:25','2022-09-28 06:35:25'),
	(246,1,'/admin/menu','GET','::1','','2022-09-28 06:35:49','2022-09-28 06:35:49'),
	(247,1,'/admin/table','GET','::1','','2022-09-28 06:36:47','2022-09-28 06:36:47'),
	(248,1,'/admin/info/users','GET','::1','','2022-09-28 06:40:49','2022-09-28 06:40:49'),
	(249,1,'/admin/table','GET','::1','','2022-09-28 06:40:51','2022-09-28 06:40:51'),
	(250,1,'/admin/info/users','GET','::1','','2022-09-28 06:40:52','2022-09-28 06:40:52'),
	(251,1,'/admin/table','GET','::1','','2022-09-28 06:41:46','2022-09-28 06:41:46'),
	(252,1,'/admin','GET','::1','','2022-09-28 06:41:49','2022-09-28 06:41:49'),
	(253,1,'/admin/table','GET','::1','','2022-09-28 06:41:52','2022-09-28 06:41:52'),
	(254,1,'/admin/info/users','GET','::1','','2022-09-28 06:41:52','2022-09-28 06:41:52'),
	(255,1,'/admin','GET','::1','','2022-10-06 05:30:22','2022-10-06 05:30:22'),
	(256,1,'/admin/info/users','GET','::1','','2022-10-06 05:31:02','2022-10-06 05:31:02'),
	(257,1,'/admin','GET','::1','','2022-10-06 05:31:06','2022-10-06 05:31:06'),
	(258,1,'/admin/info/users','GET','::1','','2022-10-06 07:21:52','2022-10-06 07:21:52'),
	(259,1,'/admin/table','GET','::1','','2022-10-06 07:22:02','2022-10-06 07:22:02'),
	(260,1,'/admin/info/users','GET','::1','','2022-10-06 07:22:03','2022-10-06 07:22:03'),
	(261,1,'/admin/operation/_see_more_example','POST','::1','','2022-10-06 07:22:37','2022-10-06 07:22:37'),
	(262,1,'/admin/table','GET','::1','','2022-10-06 07:23:13','2022-10-06 07:23:13'),
	(263,1,'/admin/info/users','GET','::1','','2022-10-06 07:24:57','2022-10-06 07:24:57'),
	(264,1,'/admin/table','GET','::1','','2022-10-06 07:25:00','2022-10-06 07:25:00'),
	(265,1,'/admin/info/users','GET','::1','','2022-10-06 07:25:01','2022-10-06 07:25:01'),
	(266,1,'/admin','GET','::1','','2022-10-06 07:25:46','2022-10-06 07:25:46'),
	(267,1,'/admin','GET','::1','','2022-10-06 07:30:45','2022-10-06 07:30:45'),
	(268,1,'/admin/info/manager','GET','::1','','2022-10-06 07:30:52','2022-10-06 07:30:52'),
	(269,1,'/admin/info/op','GET','::1','','2022-10-06 07:30:54','2022-10-06 07:30:54'),
	(270,1,'/admin/menu','GET','::1','','2022-10-06 07:30:58','2022-10-06 07:30:58'),
	(271,1,'/admin/menu','GET','::1','','2022-10-12 02:53:47','2022-10-12 02:53:47'),
	(272,1,'/admin/info/users','GET','::1','','2022-10-12 02:59:53','2022-10-12 02:59:53'),
	(273,1,'/admin/info/users','GET','::1','','2022-10-12 03:01:51','2022-10-12 03:01:51'),
	(274,1,'/admin/table','GET','::1','','2022-10-12 03:01:58','2022-10-12 03:01:58'),
	(275,1,'/admin/info/users','GET','::1','','2022-10-12 03:02:55','2022-10-12 03:02:55'),
	(276,1,'/admin/table','GET','::1','','2022-10-12 03:02:59','2022-10-12 03:02:59'),
	(277,1,'/admin/operation/ajax_id','POST','::1','','2022-10-12 03:03:33','2022-10-12 03:03:33'),
	(278,1,'/admin/menu','GET','::1','','2022-10-13 07:25:07','2022-10-13 07:25:07'),
	(279,1,'/admin/info/users','GET','::1','','2022-10-13 07:25:33','2022-10-13 07:25:33'),
	(280,1,'/admin/table','GET','::1','','2022-10-13 07:25:37','2022-10-13 07:25:37'),
	(281,1,'/admin/table','GET','::1','','2022-10-13 07:25:40','2022-10-13 07:25:40'),
	(282,1,'/admin/info/users','GET','::1','','2022-10-13 07:25:46','2022-10-13 07:25:46'),
	(283,1,'/admin/table','GET','::1','','2022-10-13 07:25:47','2022-10-13 07:25:47'),
	(284,1,'/admin/info/users','GET','::1','','2022-10-13 07:25:49','2022-10-13 07:25:49'),
	(285,1,'/admin/table','GET','::1','','2022-10-13 07:25:51','2022-10-13 07:25:51'),
	(286,1,'/admin/info/users','GET','::1','','2022-10-13 07:25:52','2022-10-13 07:25:52'),
	(287,1,'/admin','GET','::1','','2022-10-13 07:26:00','2022-10-13 07:26:00'),
	(288,1,'/admin','GET','::1','','2022-10-13 08:37:55','2022-10-13 08:37:55'),
	(289,1,'/admin/logout','GET','::1','','2022-10-13 08:37:58','2022-10-13 08:37:58'),
	(290,1,'/admin','GET','::1','','2022-10-13 09:31:08','2022-10-13 09:31:08'),
	(291,1,'/admin/info/users','GET','::1','','2022-10-13 09:31:11','2022-10-13 09:31:11'),
	(292,1,'/admin/info/users','GET','::1','','2022-10-13 09:31:14','2022-10-13 09:31:14'),
	(293,1,'/admin','GET','::1','','2022-10-13 09:31:15','2022-10-13 09:31:15'),
	(294,1,'/admin/info/manager','GET','::1','','2022-10-13 09:31:17','2022-10-13 09:31:17'),
	(295,1,'/admin','GET','::1','','2022-10-13 09:31:18','2022-10-13 09:31:18'),
	(296,1,'/admin','GET','::1','','2022-10-13 09:50:05','2022-10-13 09:50:05'),
	(297,1,'/admin/logout','GET','::1','','2022-10-13 09:50:13','2022-10-13 09:50:13'),
	(298,1,'/admin','GET','::1','','2022-10-13 09:50:24','2022-10-13 09:50:24'),
	(299,1,'/admin','GET','::1','','2022-10-14 02:12:38','2022-10-14 02:12:38'),
	(300,1,'/admin/logout','GET','::1','','2022-10-14 02:13:08','2022-10-14 02:13:08'),
	(301,1,'/admin','GET','::1','','2022-10-14 03:02:19','2022-10-14 03:02:19'),
	(302,1,'/admin/menu','GET','::1','','2022-10-14 04:03:47','2022-10-14 04:03:47'),
	(303,1,'/admin','GET','::1','','2022-10-14 07:46:02','2022-10-14 07:46:02'),
	(304,1,'/admin/menu','GET','::1','','2022-10-14 07:46:32','2022-10-14 07:46:32'),
	(305,1,'/admin/menu/new','POST','::1','{\"__go_admin_previous_\":[\"/admin/menu\"],\"__go_admin_t_\":[\"59037331-0ca9-4a43-9fc6-1eac1433c939\"],\"header\":[\"\"],\"icon\":[\"fa-header\"],\"parent_id\":[\"\"],\"plugin_name\":[\"\"],\"roles[]\":[\"1\"],\"title\":[\"Hello\"],\"uri\":[\"/hello\"]}','2022-10-14 07:52:13','2022-10-14 07:52:13'),
	(306,1,'/admin/menu/order','POST','::1','','2022-10-14 07:52:25','2022-10-14 07:52:25'),
	(307,1,'/admin/menu','GET','::1','','2022-10-14 07:52:25','2022-10-14 07:52:25'),
	(308,1,'/admin/menu','GET','::1','','2022-10-14 07:52:28','2022-10-14 07:52:28'),
	(309,1,'/admin/menu','GET','::1','','2022-10-14 07:52:30','2022-10-14 07:52:30'),
	(310,1,'/admin/hello','GET','::1','','2022-10-14 07:52:31','2022-10-14 07:52:31'),
	(311,1,'/admin/hello','GET','::1','','2022-10-14 07:52:36','2022-10-14 07:52:36'),
	(312,1,'/admin/hello','GET','::1','','2022-10-14 07:52:40','2022-10-14 07:52:40'),
	(313,1,'/admin/menu','GET','::1','','2022-10-14 07:52:43','2022-10-14 07:52:43'),
	(314,1,'/admin/menu/edit/show','GET','::1','','2022-10-14 07:52:45','2022-10-14 07:52:45'),
	(315,1,'/admin/menu/edit','POST','::1','{\"__go_admin_previous_\":[\"/admin/menu\"],\"__go_admin_t_\":[\"d7c41f4b-0721-45f4-b895-832d999d32df\"],\"created_at\":[\"2022-10-14 07:52:13\"],\"header\":[\"\"],\"icon\":[\"fa-header\"],\"id\":[\"12\"],\"parent_id\":[\"0\"],\"plugin_name\":[\"\"],\"roles[]\":[\"1\"],\"title\":[\"Hello\"],\"updated_at\":[\"2022-10-14 07:52:13\"],\"uri\":[\"/hello1\"]}','2022-10-14 07:52:51','2022-10-14 07:52:51'),
	(316,1,'/admin/menu/order','POST','::1','','2022-10-14 07:52:53','2022-10-14 07:52:53'),
	(317,1,'/admin/menu','GET','::1','','2022-10-14 07:52:53','2022-10-14 07:52:53'),
	(318,1,'/admin/menu','GET','::1','','2022-10-14 07:52:59','2022-10-14 07:52:59'),
	(319,1,'/admin/menu/edit/show','GET','::1','','2022-10-14 07:53:11','2022-10-14 07:53:11'),
	(320,1,'/admin/menu/edit','POST','::1','{\"__go_admin_previous_\":[\"/admin/menu\"],\"__go_admin_t_\":[\"3bd8af16-2c43-425a-9c63-6533a577c08d\"],\"created_at\":[\"2022-10-14 07:52:13\"],\"header\":[\"\"],\"icon\":[\"fa-header\"],\"id\":[\"12\"],\"parent_id\":[\"0\"],\"plugin_name\":[\"\"],\"roles[]\":[\"1\"],\"title\":[\"Hello\"],\"updated_at\":[\"2022-10-14 16:52:51\"],\"uri\":[\"/hello\"]}','2022-10-14 07:53:14','2022-10-14 07:53:14'),
	(321,1,'/admin/menu/order','POST','::1','','2022-10-14 07:53:15','2022-10-14 07:53:15'),
	(322,1,'/admin/menu','GET','::1','','2022-10-14 07:53:16','2022-10-14 07:53:16'),
	(323,1,'/admin/menu','GET','::1','','2022-10-14 07:53:21','2022-10-14 07:53:21'),
	(324,1,'/admin/menu','GET','::1','','2022-10-14 07:53:22','2022-10-14 07:53:22'),
	(325,1,'/admin/hello','GET','::1','','2022-10-14 07:53:23','2022-10-14 07:53:23'),
	(326,1,'/admin/hello','GET','::1','','2022-10-14 07:55:46','2022-10-14 07:55:46'),
	(327,1,'/admin/info/users','GET','::1','','2022-10-14 07:55:49','2022-10-14 07:55:49'),
	(328,1,'/admin/table','GET','::1','','2022-10-14 07:55:50','2022-10-14 07:55:50'),
	(329,1,'/admin/table','GET','::1','','2022-10-14 08:17:02','2022-10-14 08:17:02'),
	(330,1,'/admin/table','GET','::1','','2022-10-14 08:17:49','2022-10-14 08:17:49'),
	(331,1,'/admin/hello','GET','::1','','2022-10-14 08:17:50','2022-10-14 08:17:50'),
	(332,1,'/admin/hello','GET','::1','','2022-10-14 08:17:52','2022-10-14 08:17:52'),
	(333,1,'/admin/info/users','GET','::1','','2022-10-14 08:17:53','2022-10-14 08:17:53'),
	(334,1,'/admin/table','GET','::1','','2022-10-14 08:17:55','2022-10-14 08:17:55'),
	(335,1,'/admin/info/users','GET','::1','','2022-10-14 08:17:55','2022-10-14 08:17:55'),
	(336,1,'/admin/operation/_see_more_example','POST','::1','','2022-10-14 08:20:11','2022-10-14 08:20:11'),
	(337,1,'/admin/operation/_see_more_example','POST','::1','','2022-10-14 08:20:15','2022-10-14 08:20:15'),
	(338,1,'/admin/info/users/detail','GET','::1','','2022-10-14 08:20:48','2022-10-14 08:20:48'),
	(339,1,'/admin/info/users','GET','::1','','2022-10-14 08:21:21','2022-10-14 08:21:21'),
	(340,1,'/admin/operation/_admin_preview','POST','::1','','2022-10-14 08:21:30','2022-10-14 08:21:30'),
	(341,1,'/admin/operation/_admin_audit','POST','::1','','2022-10-14 08:21:34','2022-10-14 08:21:34'),
	(342,1,'/admin/table','GET','::1','','2022-10-14 08:21:55','2022-10-14 08:21:55'),
	(343,1,'/admin/info/users','GET','::1','','2022-10-14 08:21:58','2022-10-14 08:21:58'),
	(344,1,'/admin/operation/_admin_popup','POST','::1','','2022-10-14 08:24:20','2022-10-14 08:24:20'),
	(345,1,'/admin/info/users','GET','::1','','2022-10-14 08:26:05','2022-10-14 08:26:05'),
	(346,1,'/admin/info/users','GET','::1','','2022-10-14 08:26:06','2022-10-14 08:26:06'),
	(347,1,'/admin/info/users','GET','::1','','2022-10-14 08:26:07','2022-10-14 08:26:07'),
	(348,1,'/admin/table','GET','::1','','2022-10-14 08:26:19','2022-10-14 08:26:19'),
	(349,1,'/admin/info/users','GET','::1','','2022-10-14 08:26:21','2022-10-14 08:26:21'),
	(350,1,'/admin/table','GET','::1','','2022-10-14 08:26:23','2022-10-14 08:26:23'),
	(351,1,'/admin/hello','GET','::1','','2022-10-14 08:26:25','2022-10-14 08:26:25'),
	(352,1,'/admin','GET','::1','','2022-10-14 08:26:29','2022-10-14 08:26:29'),
	(353,1,'/admin/info/manager','GET','::1','','2022-10-14 08:26:36','2022-10-14 08:26:36'),
	(354,1,'/admin/info/users','GET','::1','','2022-10-14 08:26:40','2022-10-14 08:26:40'),
	(355,1,'/admin/table','GET','::1','','2022-10-14 08:26:42','2022-10-14 08:26:42'),
	(356,1,'/admin/hello','GET','::1','','2022-10-14 08:27:25','2022-10-14 08:27:25'),
	(357,1,'/admin/info/users','GET','::1','','2022-10-14 08:27:28','2022-10-14 08:27:28'),
	(358,1,'/admin/info/users','GET','::1','','2022-10-14 08:27:33','2022-10-14 08:27:33'),
	(359,1,'/admin/info/users','GET','::1','','2022-10-14 08:27:34','2022-10-14 08:27:34'),
	(360,1,'/admin/info/users','GET','::1','','2022-10-14 08:27:44','2022-10-14 08:27:44'),
	(361,1,'/admin/info/users','GET','::1','','2022-10-14 08:29:38','2022-10-14 08:29:38'),
	(362,1,'/admin/info/users','GET','::1','','2022-10-14 08:32:07','2022-10-14 08:32:07'),
	(363,1,'/admin/table','GET','::1','','2022-10-14 08:32:23','2022-10-14 08:32:23'),
	(364,1,'/admin/info/users','GET','::1','','2022-10-14 08:32:24','2022-10-14 08:32:24'),
	(365,1,'/admin','GET','::1','','2022-10-14 08:32:26','2022-10-14 08:32:26'),
	(366,1,'/admin/info/users','GET','::1','','2022-10-14 08:32:27','2022-10-14 08:32:27');

/*!40000 ALTER TABLE `goadmin_operation_log` ENABLE KEYS */;
UNLOCK TABLES;


# Dump of table goadmin_permissions
# ------------------------------------------------------------

DROP TABLE IF EXISTS `goadmin_permissions`;

CREATE TABLE `goadmin_permissions` (
  `id` int(10) unsigned NOT NULL AUTO_INCREMENT,
  `name` varchar(50) COLLATE utf8mb4_unicode_ci NOT NULL,
  `slug` varchar(50) COLLATE utf8mb4_unicode_ci NOT NULL,
  `http_method` varchar(255) COLLATE utf8mb4_unicode_ci DEFAULT NULL,
  `http_path` text COLLATE utf8mb4_unicode_ci NOT NULL,
  `created_at` timestamp NULL DEFAULT CURRENT_TIMESTAMP,
  `updated_at` timestamp NULL DEFAULT CURRENT_TIMESTAMP,
  PRIMARY KEY (`id`),
  UNIQUE KEY `admin_permissions_name_unique` (`name`)
) ENGINE=InnoDB DEFAULT CHARSET=utf8mb4 COLLATE=utf8mb4_unicode_ci;

LOCK TABLES `goadmin_permissions` WRITE;
/*!40000 ALTER TABLE `goadmin_permissions` DISABLE KEYS */;

INSERT INTO `goadmin_permissions` (`id`, `name`, `slug`, `http_method`, `http_path`, `created_at`, `updated_at`)
VALUES
	(1,'All permission','*','','*','2019-09-10 00:00:00','2019-09-10 00:00:00'),
	(2,'Dashboard','dashboard','GET,PUT,POST,DELETE','/','2019-09-10 00:00:00','2019-09-10 00:00:00');

/*!40000 ALTER TABLE `goadmin_permissions` ENABLE KEYS */;
UNLOCK TABLES;


# Dump of table goadmin_role_menu
# ------------------------------------------------------------

DROP TABLE IF EXISTS `goadmin_role_menu`;

CREATE TABLE `goadmin_role_menu` (
  `role_id` int(11) unsigned NOT NULL,
  `menu_id` int(11) unsigned NOT NULL,
  `created_at` timestamp NULL DEFAULT CURRENT_TIMESTAMP,
  `updated_at` timestamp NULL DEFAULT CURRENT_TIMESTAMP,
  KEY `admin_role_menu_role_id_menu_id_index` (`role_id`,`menu_id`)
) ENGINE=InnoDB DEFAULT CHARSET=utf8mb4 COLLATE=utf8mb4_unicode_ci;

LOCK TABLES `goadmin_role_menu` WRITE;
/*!40000 ALTER TABLE `goadmin_role_menu` DISABLE KEYS */;

INSERT INTO `goadmin_role_menu` (`role_id`, `menu_id`, `created_at`, `updated_at`)
VALUES
	(1,1,'2019-09-10 00:00:00','2019-09-10 00:00:00'),
	(1,7,'2019-09-10 00:00:00','2019-09-10 00:00:00'),
	(2,7,'2019-09-10 00:00:00','2019-09-10 00:00:00'),
	(2,9,'2022-09-02 06:45:58','2022-09-02 06:45:58'),
	(2,10,'2022-09-02 08:58:51','2022-09-02 08:58:51'),
	(2,11,'2022-09-02 09:00:29','2022-09-02 09:00:29'),
	(1,12,'2022-10-14 07:53:14','2022-10-14 07:53:14');

/*!40000 ALTER TABLE `goadmin_role_menu` ENABLE KEYS */;
UNLOCK TABLES;


# Dump of table goadmin_role_permissions
# ------------------------------------------------------------

DROP TABLE IF EXISTS `goadmin_role_permissions`;

CREATE TABLE `goadmin_role_permissions` (
  `role_id` int(11) unsigned NOT NULL,
  `permission_id` int(11) unsigned NOT NULL,
  `created_at` timestamp NULL DEFAULT CURRENT_TIMESTAMP,
  `updated_at` timestamp NULL DEFAULT CURRENT_TIMESTAMP,
  UNIQUE KEY `admin_role_permissions` (`role_id`,`permission_id`)
) ENGINE=InnoDB DEFAULT CHARSET=utf8mb4 COLLATE=utf8mb4_unicode_ci;

LOCK TABLES `goadmin_role_permissions` WRITE;
/*!40000 ALTER TABLE `goadmin_role_permissions` DISABLE KEYS */;

INSERT INTO `goadmin_role_permissions` (`role_id`, `permission_id`, `created_at`, `updated_at`)
VALUES
	(1,1,'2019-09-10 00:00:00','2019-09-10 00:00:00'),
	(1,2,'2019-09-10 00:00:00','2019-09-10 00:00:00'),
	(2,2,'2019-09-10 00:00:00','2019-09-10 00:00:00');

/*!40000 ALTER TABLE `goadmin_role_permissions` ENABLE KEYS */;
UNLOCK TABLES;


# Dump of table goadmin_role_users
# ------------------------------------------------------------

DROP TABLE IF EXISTS `goadmin_role_users`;

CREATE TABLE `goadmin_role_users` (
  `role_id` int(11) unsigned NOT NULL,
  `user_id` int(11) unsigned NOT NULL,
  `created_at` timestamp NULL DEFAULT CURRENT_TIMESTAMP,
  `updated_at` timestamp NULL DEFAULT CURRENT_TIMESTAMP,
  UNIQUE KEY `admin_user_roles` (`role_id`,`user_id`)
) ENGINE=InnoDB DEFAULT CHARSET=utf8mb4 COLLATE=utf8mb4_unicode_ci;

LOCK TABLES `goadmin_role_users` WRITE;
/*!40000 ALTER TABLE `goadmin_role_users` DISABLE KEYS */;

INSERT INTO `goadmin_role_users` (`role_id`, `user_id`, `created_at`, `updated_at`)
VALUES
	(1,1,'2019-09-10 00:00:00','2019-09-10 00:00:00'),
	(2,2,'2019-09-10 00:00:00','2019-09-10 00:00:00');

/*!40000 ALTER TABLE `goadmin_role_users` ENABLE KEYS */;
UNLOCK TABLES;


# Dump of table goadmin_roles
# ------------------------------------------------------------

DROP TABLE IF EXISTS `goadmin_roles`;

CREATE TABLE `goadmin_roles` (
  `id` int(10) unsigned NOT NULL AUTO_INCREMENT,
  `name` varchar(50) COLLATE utf8mb4_unicode_ci NOT NULL,
  `slug` varchar(50) COLLATE utf8mb4_unicode_ci NOT NULL,
  `created_at` timestamp NULL DEFAULT CURRENT_TIMESTAMP,
  `updated_at` timestamp NULL DEFAULT CURRENT_TIMESTAMP,
  PRIMARY KEY (`id`),
  UNIQUE KEY `admin_roles_name_unique` (`name`)
) ENGINE=InnoDB DEFAULT CHARSET=utf8mb4 COLLATE=utf8mb4_unicode_ci;

LOCK TABLES `goadmin_roles` WRITE;
/*!40000 ALTER TABLE `goadmin_roles` DISABLE KEYS */;

INSERT INTO `goadmin_roles` (`id`, `name`, `slug`, `created_at`, `updated_at`)
VALUES
	(1,'Administrator','administrator','2019-09-10 00:00:00','2019-09-10 00:00:00'),
	(2,'Operator','operator','2019-09-10 00:00:00','2019-09-10 00:00:00');

/*!40000 ALTER TABLE `goadmin_roles` ENABLE KEYS */;
UNLOCK TABLES;


# Dump of table goadmin_session
# ------------------------------------------------------------

DROP TABLE IF EXISTS `goadmin_session`;

CREATE TABLE `goadmin_session` (
  `id` int(11) unsigned NOT NULL AUTO_INCREMENT,
  `sid` varchar(50) CHARACTER SET utf8mb4 COLLATE utf8mb4_unicode_ci NOT NULL DEFAULT '',
  `values` varchar(3000) CHARACTER SET utf8mb4 COLLATE utf8mb4_unicode_ci NOT NULL DEFAULT '',
  `created_at` timestamp NULL DEFAULT CURRENT_TIMESTAMP,
  `updated_at` timestamp NULL DEFAULT CURRENT_TIMESTAMP,
  PRIMARY KEY (`id`)
) ENGINE=InnoDB DEFAULT CHARSET=utf8mb4;

LOCK TABLES `goadmin_session` WRITE;
/*!40000 ALTER TABLE `goadmin_session` DISABLE KEYS */;

INSERT INTO `goadmin_session` (`id`, `sid`, `values`, `created_at`, `updated_at`)
VALUES
	(117,'de465fbe-b32b-4a04-9a9e-c0d3eb662e59','{\"user_id\":1}','2022-10-14 07:45:56','2022-10-14 07:45:56'),
	(119,'c5ce7bf1-cea6-48ae-9d38-a15b8a059d85','__csrf_token__','2022-10-14 07:52:13','2022-10-14 07:52:13'),
	(120,'7c1e4a6e-b155-4767-877e-c47e5096b99d','__csrf_token__','2022-10-14 07:52:25','2022-10-14 07:52:25'),
	(121,'5613c925-23b1-4e32-a681-f6b83133790d','__csrf_token__','2022-10-14 07:52:28','2022-10-14 07:52:28'),
	(122,'1297f4bb-b81f-432a-b6d7-5bec774b61a2','__csrf_token__','2022-10-14 07:52:30','2022-10-14 07:52:30'),
	(123,'2f6bcb38-971b-44df-ba0c-0f1a2d749985','__csrf_token__','2022-10-14 07:52:43','2022-10-14 07:52:43'),
	(125,'25095ed0-70d1-40dc-b8c9-89ed6acaf0f2','__csrf_token__','2022-10-14 07:52:51','2022-10-14 07:52:51'),
	(126,'01c3b896-77d4-46ed-b340-1502e72ad1d9','__csrf_token__','2022-10-14 07:52:53','2022-10-14 07:52:53'),
	(127,'ac944ad0-10bb-4524-9d57-1fff42a37863','__csrf_token__','2022-10-14 07:52:59','2022-10-14 07:52:59'),
	(129,'7a5c74af-2690-4188-8538-b733e8b7ad6a','__csrf_token__','2022-10-14 07:53:14','2022-10-14 07:53:14'),
	(130,'d93e8708-3a83-494e-a923-d01f371679f4','__csrf_token__','2022-10-14 07:53:15','2022-10-14 07:53:15'),
	(131,'826e505e-3edd-4408-867e-f5b37b03810f','__csrf_token__','2022-10-14 07:53:21','2022-10-14 07:53:21'),
	(132,'b691a6da-3953-4aa9-bc73-3c3f6500b6ba','__csrf_token__','2022-10-14 07:53:22','2022-10-14 07:53:22');

/*!40000 ALTER TABLE `goadmin_session` ENABLE KEYS */;
UNLOCK TABLES;


# Dump of table goadmin_site
# ------------------------------------------------------------

DROP TABLE IF EXISTS `goadmin_site`;

CREATE TABLE `goadmin_site` (
  `id` int(11) unsigned NOT NULL AUTO_INCREMENT,
  `key` varchar(100) COLLATE utf8mb4_unicode_ci DEFAULT NULL,
  `value` longtext COLLATE utf8mb4_unicode_ci,
  `description` varchar(3000) COLLATE utf8mb4_unicode_ci DEFAULT NULL,
  `state` tinyint(3) unsigned NOT NULL DEFAULT '0',
  `created_at` timestamp NULL DEFAULT CURRENT_TIMESTAMP,
  `updated_at` timestamp NULL DEFAULT CURRENT_TIMESTAMP,
  PRIMARY KEY (`id`)
) ENGINE=InnoDB DEFAULT CHARSET=utf8mb4 COLLATE=utf8mb4_unicode_ci;

LOCK TABLES `goadmin_site` WRITE;
/*!40000 ALTER TABLE `goadmin_site` DISABLE KEYS */;

INSERT INTO `goadmin_site` (`id`, `key`, `value`, `description`, `state`, `created_at`, `updated_at`)
VALUES
	(1,'logger_encoder_caller','',NULL,1,'2022-09-01 09:56:45','2022-09-01 09:56:45'),
	(2,'custom_foot_html','',NULL,1,'2022-09-01 09:56:45','2022-09-01 09:56:45'),
	(3,'login_title','GoAdmin',NULL,1,'2022-09-01 09:56:45','2022-09-01 09:56:45'),
	(4,'custom_403_html','',NULL,1,'2022-09-01 09:56:45','2022-09-01 09:56:45'),
	(5,'exclude_theme_components','null',NULL,1,'2022-09-01 09:56:45','2022-09-01 09:56:45'),
	(6,'app_id','RrTc6tAtP6tM',NULL,1,'2022-09-01 09:56:45','2022-09-01 09:56:45'),
	(7,'url_prefix','admin',NULL,1,'2022-09-01 09:56:45','2022-09-01 09:56:45'),
	(8,'logger_encoder_encoding','',NULL,1,'2022-09-01 09:56:45','2022-09-01 09:56:45'),
	(9,'session_life_time','7200',NULL,1,'2022-09-01 09:56:45','2022-09-01 09:56:45'),
	(10,'allow_del_operation_log','false',NULL,1,'2022-09-01 09:56:45','2022-09-01 09:56:45'),
	(11,'logger_rotate_max_backups','0',NULL,1,'2022-09-01 09:56:46','2022-09-01 09:56:46'),
	(12,'logger_encoder_duration','',NULL,1,'2022-09-01 09:56:46','2022-09-01 09:56:46'),
	(13,'auth_user_table','goadmin_users',NULL,1,'2022-09-01 09:56:46','2022-09-01 09:56:46'),
	(14,'language','en',NULL,1,'2022-09-01 09:56:46','2022-09-01 09:56:46'),
	(15,'logger_encoder_level_key','',NULL,1,'2022-09-01 09:56:46','2022-09-01 09:56:46'),
	(16,'logger_level','0',NULL,1,'2022-09-01 09:56:46','2022-09-01 09:56:46'),
	(17,'color_scheme','skin-black',NULL,1,'2022-09-01 09:56:46','2022-09-01 09:56:46'),
	(18,'footer_info','',NULL,1,'2022-09-01 09:56:46','2022-09-01 09:56:46'),
	(19,'site_off','false',NULL,1,'2022-09-01 09:56:46','2022-09-01 09:56:46'),
	(20,'open_admin_api','false',NULL,1,'2022-09-01 09:56:46','2022-09-01 09:56:46'),
	(21,'asset_root_path','./public/',NULL,1,'2022-09-01 09:56:46','2022-09-01 09:56:46'),
	(22,'theme','adminlte',NULL,1,'2022-09-01 09:56:46','2022-09-01 09:56:46'),
	(23,'hide_tool_entrance','false',NULL,1,'2022-09-01 09:56:46','2022-09-01 09:56:46'),
	(24,'file_upload_engine','{\"name\":\"local\"}',NULL,1,'2022-09-01 09:56:46','2022-09-01 09:56:46'),
	(25,'extra','',NULL,1,'2022-09-01 09:56:46','2022-09-01 09:56:46'),
	(26,'custom_500_html','',NULL,1,'2022-09-01 09:56:46','2022-09-01 09:56:46'),
	(27,'hide_visitor_user_center_entrance','false',NULL,1,'2022-09-01 09:56:46','2022-09-01 09:56:46'),
	(28,'operation_log_off','false',NULL,1,'2022-09-01 09:56:47','2022-09-01 09:56:47'),
	(29,'debug','true',NULL,1,'2022-09-01 09:56:47','2022-09-01 09:56:47'),
	(30,'access_log_off','false',NULL,1,'2022-09-01 09:56:47','2022-09-01 09:56:47'),
	(31,'logger_rotate_compress','false',NULL,1,'2022-09-01 09:56:47','2022-09-01 09:56:47'),
	(32,'hide_config_center_entrance','false',NULL,1,'2022-09-01 09:56:47','2022-09-01 09:56:47'),
	(33,'mini_logo','GA',NULL,1,'2022-09-01 09:56:47','2022-09-01 09:56:47'),
	(34,'error_log_off','false',NULL,1,'2022-09-01 09:56:47','2022-09-01 09:56:47'),
	(35,'bootstrap_file_path','/Users/gamepub/Documents/go/src/github.com/coolishbee/admin_project/bootstrap.go',NULL,1,'2022-09-01 09:56:47','2022-09-01 09:56:47'),
	(36,'sql_log','false',NULL,1,'2022-09-01 09:56:47','2022-09-01 09:56:47'),
	(37,'logger_encoder_time_key','',NULL,1,'2022-09-01 09:56:47','2022-09-01 09:56:47'),
	(38,'logger_encoder_name_key','',NULL,1,'2022-09-01 09:56:47','2022-09-01 09:56:47'),
	(39,'animation_duration','0.00',NULL,1,'2022-09-01 09:56:47','2022-09-01 09:56:47'),
	(40,'no_limit_login_ip','false',NULL,1,'2022-09-01 09:56:47','2022-09-01 09:56:47'),
	(41,'custom_404_html','',NULL,1,'2022-09-01 09:56:47','2022-09-01 09:56:47'),
	(42,'logger_encoder_caller_key','',NULL,1,'2022-09-01 09:56:47','2022-09-01 09:56:47'),
	(43,'logger_encoder_level','',NULL,1,'2022-09-01 09:56:47','2022-09-01 09:56:47'),
	(44,'login_logo','GoAdmin',NULL,1,'2022-09-01 09:56:47','2022-09-01 09:56:47'),
	(45,'hide_plugin_entrance','false',NULL,1,'2022-09-01 09:56:47','2022-09-01 09:56:47'),
	(46,'index_url','/',NULL,1,'2022-09-01 09:56:47','2022-09-01 09:56:47'),
	(47,'logger_encoder_stacktrace_key','',NULL,1,'2022-09-01 09:56:47','2022-09-01 09:56:47'),
	(48,'custom_head_html','',NULL,1,'2022-09-01 09:56:47','2022-09-01 09:56:47'),
	(49,'title','GoAdmin',NULL,1,'2022-09-01 09:56:47','2022-09-01 09:56:47'),
	(50,'env','local',NULL,1,'2022-09-01 09:56:47','2022-09-01 09:56:47'),
	(51,'info_log_path','/Users/gamepub/Documents/go/src/github.com/coolishbee/admin_project/logs/info.log',NULL,1,'2022-09-01 09:56:47','2022-09-01 09:56:47'),
	(52,'logger_rotate_max_size','0',NULL,1,'2022-09-01 09:56:47','2022-09-01 09:56:47'),
	(53,'domain','',NULL,1,'2022-09-01 09:56:47','2022-09-01 09:56:47'),
	(54,'login_url','/login',NULL,1,'2022-09-01 09:56:47','2022-09-01 09:56:47'),
	(55,'error_log_path','/Users/gamepub/Documents/go/src/github.com/coolishbee/admin_project/logs/error.log',NULL,1,'2022-09-01 09:56:47','2022-09-01 09:56:47'),
	(56,'info_log_off','false',NULL,1,'2022-09-01 09:56:47','2022-09-01 09:56:47'),
	(57,'logger_encoder_time','',NULL,1,'2022-09-01 09:56:47','2022-09-01 09:56:47'),
	(58,'hide_app_info_entrance','false',NULL,1,'2022-09-01 09:56:47','2022-09-01 09:56:47'),
	(59,'access_log_path','/Users/gamepub/Documents/go/src/github.com/coolishbee/admin_project/logs/access.log',NULL,1,'2022-09-01 09:56:47','2022-09-01 09:56:47'),
	(60,'access_assets_log_off','false',NULL,1,'2022-09-01 09:56:47','2022-09-01 09:56:47'),
	(61,'asset_url','',NULL,1,'2022-09-01 09:56:47','2022-09-01 09:56:47'),
	(62,'animation_type','',NULL,1,'2022-09-01 09:56:47','2022-09-01 09:56:47'),
	(63,'animation_delay','0.00',NULL,1,'2022-09-01 09:56:47','2022-09-01 09:56:47'),
	(64,'prohibit_config_modification','false',NULL,1,'2022-09-01 09:56:47','2022-09-01 09:56:47'),
	(65,'go_mod_file_path','/Users/gamepub/Documents/go/src/github.com/coolishbee/admin_project/go.mod',NULL,1,'2022-09-01 09:56:47','2022-09-01 09:56:47'),
	(66,'logo','GoAdmin',NULL,1,'2022-09-01 09:56:47','2022-09-01 09:56:47'),
	(67,'logger_rotate_max_age','0',NULL,1,'2022-09-01 09:56:47','2022-09-01 09:56:47'),
	(68,'logger_encoder_message_key','',NULL,1,'2022-09-01 09:56:47','2022-09-01 09:56:47');

/*!40000 ALTER TABLE `goadmin_site` ENABLE KEYS */;
UNLOCK TABLES;


# Dump of table goadmin_user_permissions
# ------------------------------------------------------------

DROP TABLE IF EXISTS `goadmin_user_permissions`;

CREATE TABLE `goadmin_user_permissions` (
  `user_id` int(11) unsigned NOT NULL,
  `permission_id` int(11) unsigned NOT NULL,
  `created_at` timestamp NULL DEFAULT CURRENT_TIMESTAMP,
  `updated_at` timestamp NULL DEFAULT CURRENT_TIMESTAMP,
  UNIQUE KEY `admin_user_permissions` (`user_id`,`permission_id`)
) ENGINE=InnoDB DEFAULT CHARSET=utf8mb4 COLLATE=utf8mb4_unicode_ci;

LOCK TABLES `goadmin_user_permissions` WRITE;
/*!40000 ALTER TABLE `goadmin_user_permissions` DISABLE KEYS */;

INSERT INTO `goadmin_user_permissions` (`user_id`, `permission_id`, `created_at`, `updated_at`)
VALUES
	(1,1,'2019-09-10 00:00:00','2019-09-10 00:00:00'),
	(2,2,'2019-09-10 00:00:00','2019-09-10 00:00:00');

/*!40000 ALTER TABLE `goadmin_user_permissions` ENABLE KEYS */;
UNLOCK TABLES;


# Dump of table goadmin_users
# ------------------------------------------------------------

DROP TABLE IF EXISTS `goadmin_users`;

CREATE TABLE `goadmin_users` (
  `id` int(10) unsigned NOT NULL AUTO_INCREMENT,
  `username` varchar(100) COLLATE utf8mb4_unicode_ci NOT NULL,
  `password` varchar(100) COLLATE utf8mb4_unicode_ci NOT NULL DEFAULT '',
  `name` varchar(100) COLLATE utf8mb4_unicode_ci NOT NULL,
  `avatar` varchar(255) COLLATE utf8mb4_unicode_ci DEFAULT NULL,
  `remember_token` varchar(100) COLLATE utf8mb4_unicode_ci DEFAULT NULL,
  `created_at` timestamp NULL DEFAULT CURRENT_TIMESTAMP,
  `updated_at` timestamp NULL DEFAULT CURRENT_TIMESTAMP,
  PRIMARY KEY (`id`),
  UNIQUE KEY `admin_users_username_unique` (`username`)
) ENGINE=InnoDB DEFAULT CHARSET=utf8mb4 COLLATE=utf8mb4_unicode_ci;

LOCK TABLES `goadmin_users` WRITE;
/*!40000 ALTER TABLE `goadmin_users` DISABLE KEYS */;

INSERT INTO `goadmin_users` (`id`, `username`, `password`, `name`, `avatar`, `remember_token`, `created_at`, `updated_at`)
VALUES
	(1,'admin','$2a$10$O8IFfw/yAeni6IAR0k/yhevG4ICfQUNJxOjgUXTUjlXp0SenUBq1.','admin','','tlNcBVK9AvfYH7WEnwB1RKvocJu8FfRy4um3DJtwdHuJy0dwFsLOgAc0xUfh','2019-09-10 00:00:00','2019-09-10 00:00:00'),
	(2,'operator','$2a$10$rVqkOzHjN2MdlEprRflb1eGP0oZXuSrbJLOmJagFsCd81YZm0bsh.','Operator','',NULL,'2019-09-10 00:00:00','2019-09-10 00:00:00');

/*!40000 ALTER TABLE `goadmin_users` ENABLE KEYS */;
UNLOCK TABLES;


# Dump of table users
# ------------------------------------------------------------

DROP TABLE IF EXISTS `users`;

CREATE TABLE `users` (
  `id` int(11) unsigned NOT NULL AUTO_INCREMENT,
  `name` varchar(50) COLLATE utf8mb4_unicode_ci NOT NULL,
  `gender` int(11) unsigned NOT NULL,
  `city` varchar(50) COLLATE utf8mb4_unicode_ci NOT NULL,
  `ip` varchar(20) COLLATE utf8mb4_unicode_ci DEFAULT NULL,
  `phone` varchar(100) COLLATE utf8mb4_unicode_ci DEFAULT NULL,
  `created_at` timestamp NULL DEFAULT CURRENT_TIMESTAMP,
  `updated_at` timestamp NULL DEFAULT CURRENT_TIMESTAMP,
  PRIMARY KEY (`id`)
) ENGINE=InnoDB DEFAULT CHARSET=utf8mb4 COLLATE=utf8mb4_unicode_ci;

LOCK TABLES `users` WRITE;
/*!40000 ALTER TABLE `users` DISABLE KEYS */;

INSERT INTO `users` (`id`, `name`, `gender`, `city`, `ip`, `phone`, `created_at`, `updated_at`)
VALUES
	(3133,'voluptatum',0,'West Dorrischester','130.24.131.165','(291)462-9','2008-10-12 07:44:28','2003-10-16 23:40:41'),
	(3134,'quaerat',0,'Mantefurt','18.206.108.141','1-170-439-','2017-01-05 23:01:17','2006-10-09 16:31:23'),
	(3135,'quibusdam',0,'Altafurt','89.162.78.57','017-065-51','1988-11-08 14:53:14','2007-03-26 20:18:35'),
	(3136,'molestias',0,'East Jadontown','131.25.27.144','+92(7)3113','2014-01-23 15:56:15','1986-06-19 20:37:54'),
	(3137,'incidunt',0,'Angelville','90.255.113.150','1-881-209-','1989-02-17 23:59:30','1970-12-05 20:00:04'),
	(3138,'exercitationem',0,'Mrazport','112.152.108.62','(101)591-1','1995-04-18 15:32:08','1989-07-06 17:23:48'),
	(3139,'cumque',0,'South Carsonborough','56.70.126.83','687-792-49','2004-09-09 12:22:21','1994-05-17 16:53:50'),
	(3140,'ab',0,'New Abigaylemouth','180.66.161.219','121.009.26','1993-07-16 16:40:39','1985-04-27 19:02:24'),
	(3141,'numquam',0,'Port Polly','118.115.157.126','764.875.85','1998-11-04 17:36:16','2003-06-16 00:32:30'),
	(3142,'ratione',0,'East Madelynn','124.144.175.243','446.459.77','1980-10-31 12:09:14','2000-08-28 21:10:47'),
	(3143,'repellat',0,'Lake Aliza','69.66.247.238','1-514-720-','1981-07-11 13:57:15','1982-11-16 19:31:11'),
	(3144,'unde',0,'Claudechester','80.187.230.130','371-412-97','1973-01-22 17:32:51','1985-10-16 07:15:04'),
	(3145,'dolores',0,'East Candida','89.169.15.90','591.507.13','1991-05-05 21:02:27','1985-10-09 18:49:14'),
	(3146,'laudantium',0,'Harrisstad','51.29.100.162','668-521-48','1981-09-12 04:20:41','1994-05-09 03:32:30'),
	(3147,'iure',0,'Kingbury','99.13.130.67','(670)383-5','1996-10-03 14:10:37','1993-04-25 20:38:23'),
	(3148,'numquam',0,'Sanfordville','89.174.176.217','015-350-08','2010-07-15 20:25:56','1990-04-21 13:27:30'),
	(3149,'alias',0,'New Jacquelynmouth','176.202.145.52','670.430.97','2000-06-07 07:57:30','2015-06-06 08:57:47'),
	(3150,'expedita',0,'Lake Hilbert','96.21.195.51','(534)858-3','2012-11-07 10:02:02','2002-04-08 21:41:02'),
	(3151,'quis',0,'Lake Neal','89.152.227.200','+07(9)3192','1990-10-22 15:41:12','2013-06-22 09:51:23'),
	(3152,'id',0,'Port Laurence','45.24.206.89','270-153-13','2013-03-28 06:34:44','2012-12-25 08:49:40');

/*!40000 ALTER TABLE `users` ENABLE KEYS */;
UNLOCK TABLES;



/*!40111 SET SQL_NOTES=@OLD_SQL_NOTES */;
/*!40101 SET SQL_MODE=@OLD_SQL_MODE */;
/*!40014 SET FOREIGN_KEY_CHECKS=@OLD_FOREIGN_KEY_CHECKS */;
/*!40101 SET CHARACTER_SET_CLIENT=@OLD_CHARACTER_SET_CLIENT */;
/*!40101 SET CHARACTER_SET_RESULTS=@OLD_CHARACTER_SET_RESULTS */;
/*!40101 SET COLLATION_CONNECTION=@OLD_COLLATION_CONNECTION */;
