# ************************************************************
# Sequel Ace SQL dump
# Version 20036
#
# https://sequel-ace.com/
# https://github.com/Sequel-Ace/Sequel-Ace
#
# Host: 127.0.0.1 (MySQL 5.6.51)
# Database: goadmin
# Generation Time: 2022-10-21 09:31:27 +0000
# ************************************************************


/*!40101 SET @OLD_CHARACTER_SET_CLIENT=@@CHARACTER_SET_CLIENT */;
/*!40101 SET @OLD_CHARACTER_SET_RESULTS=@@CHARACTER_SET_RESULTS */;
/*!40101 SET @OLD_COLLATION_CONNECTION=@@COLLATION_CONNECTION */;
SET NAMES utf8mb4;
/*!40014 SET @OLD_FOREIGN_KEY_CHECKS=@@FOREIGN_KEY_CHECKS, FOREIGN_KEY_CHECKS=0 */;
/*!40101 SET @OLD_SQL_MODE='NO_AUTO_VALUE_ON_ZERO', SQL_MODE='NO_AUTO_VALUE_ON_ZERO' */;
/*!40111 SET @OLD_SQL_NOTES=@@SQL_NOTES, SQL_NOTES=0 */;


# Dump of table authors
# ------------------------------------------------------------

DROP TABLE IF EXISTS `authors`;

CREATE TABLE `authors` (
  `id` int(11) unsigned NOT NULL AUTO_INCREMENT,
  `first_name` varchar(50) COLLATE utf8mb4_unicode_ci NOT NULL,
  `last_name` varchar(50) COLLATE utf8mb4_unicode_ci NOT NULL,
  `email` varchar(100) COLLATE utf8mb4_unicode_ci NOT NULL,
  `birthdate` date NOT NULL,
  `added` timestamp NULL DEFAULT CURRENT_TIMESTAMP,
  PRIMARY KEY (`id`)
) ENGINE=InnoDB DEFAULT CHARSET=utf8mb4 COLLATE=utf8mb4_unicode_ci;

LOCK TABLES `authors` WRITE;
/*!40000 ALTER TABLE `authors` DISABLE KEYS */;

INSERT INTO `authors` (`id`, `first_name`, `last_name`, `email`, `birthdate`, `added`)
VALUES
	(1,'Adam','Ondricka','abogisich@example.net','1989-11-20','1975-10-05 01:47:51'),
	(2,'Eileen','Abbott','etreutel@example.net','1985-02-24','2009-01-12 19:22:24'),
	(3,'Ebony','Mante','pagac.marc@example.net','1982-04-06','1998-03-18 09:28:58'),
	(4,'Breanne','Nienow','osinski.domenico@example.net','2007-10-21','2004-05-07 21:06:14'),
	(5,'Eliane','Rosenbaum','zhessel@example.net','1996-01-23','1979-05-24 01:52:18'),
	(6,'Bradford','Erdman','francesca.stark@example.net','2000-02-22','1985-04-04 03:23:30'),
	(7,'Isidro','Hudson','sandy.gusikowski@example.com','2004-09-08','1979-07-30 08:29:20'),
	(8,'Albina','Hand','zlind@example.net','2014-03-02','1996-10-01 11:25:22'),
	(9,'Andrew','Haley','schaden.deborah@example.net','1984-08-25','1979-06-25 20:54:46'),
	(10,'Lafayette','Koch','camron.gleason@example.net','2005-05-26','1989-06-17 11:15:02'),
	(11,'Lincoln','Carroll','elsa99@example.org','2007-11-09','2014-05-05 20:06:45'),
	(12,'Joesph','Erdman','danny.rath@example.net','1987-05-20','1992-08-13 00:10:15'),
	(13,'Gayle','Dach','lrice@example.org','1978-10-17','1987-08-11 09:51:54'),
	(14,'Amira','Langosh','zbogan@example.net','2003-06-03','2000-03-01 05:01:53'),
	(15,'Gaston','Kshlerin','fprosacco@example.com','2015-01-23','1988-05-28 23:26:18'),
	(16,'Verna','Kuhlman','lorena.hyatt@example.net','1986-05-22','1975-10-11 05:10:36'),
	(17,'Janessa','Marks','lwilderman@example.org','2013-02-18','2001-12-16 08:32:18'),
	(18,'Olaf','Pacocha','bogisich.marcel@example.org','1975-12-10','1993-05-26 12:54:05'),
	(19,'Hayden','Stracke','lbrown@example.net','2001-04-05','1972-06-04 16:55:42'),
	(20,'Marisol','Bruen','cartwright.devante@example.net','1997-10-14','1979-01-13 08:54:00'),
	(21,'Ottis','Christiansen','hbeatty@example.com','1979-05-18','1992-05-16 02:57:42'),
	(22,'Henderson','Jaskolski','kshlerin.josue@example.net','1991-06-08','2011-09-10 06:24:32'),
	(23,'Hanna','Ryan','jaskolski.arno@example.net','1977-06-13','2008-09-25 15:29:20'),
	(24,'Heather','Ryan','bode.crawford@example.com','1993-03-03','1978-03-31 06:14:34'),
	(25,'Jayson','Pouros','olemke@example.com','1973-11-16','1995-03-15 03:22:58'),
	(26,'Mack','Kihn','deion.grimes@example.org','1990-01-22','2014-08-13 06:28:25'),
	(27,'Elsa','Stiedemann','rosenbaum.clara@example.net','1997-12-01','1994-07-31 00:24:25'),
	(28,'Kaylin','Wolff','wkerluke@example.com','1999-06-03','1985-05-11 04:19:46'),
	(29,'Braulio','Morissette','savanah87@example.org','2000-07-06','1971-01-25 05:06:31'),
	(30,'Darren','Tromp','roob.micheal@example.org','1986-12-25','1976-02-15 07:07:46'),
	(31,'Kara','Zulauf','karelle.bergstrom@example.net','2015-06-22','1981-12-01 13:45:28'),
	(32,'Rebekah','Doyle','kunde.makayla@example.net','1999-05-03','2012-10-23 15:36:44'),
	(33,'Jazmyn','Schamberger','agustina03@example.net','1999-11-15','2001-09-21 07:58:31'),
	(34,'Maritza','Johnson','turner.beau@example.com','1988-05-23','1985-08-21 17:22:08'),
	(35,'Jaylon','Altenwerth','cleora56@example.org','1970-10-04','2013-02-18 20:23:08'),
	(36,'Clint','Rogahn','vbins@example.net','1979-04-09','1998-02-18 01:55:42'),
	(37,'Rosie','Rodriguez','sporer.bette@example.net','2005-03-09','1991-02-07 21:17:54'),
	(38,'Ethelyn','Connelly','vfahey@example.net','2012-06-15','1986-12-03 15:39:42'),
	(39,'Mitchell','Hand','trohan@example.net','2018-04-15','1976-11-01 08:54:42'),
	(40,'Helen','Jenkins','harvey43@example.net','1991-03-08','2006-11-03 15:05:32');

/*!40000 ALTER TABLE `authors` ENABLE KEYS */;
UNLOCK TABLES;


# Dump of table goadmin_menu
# ------------------------------------------------------------

DROP TABLE IF EXISTS `goadmin_menu`;

CREATE TABLE `goadmin_menu` (
  `id` int(10) unsigned NOT NULL AUTO_INCREMENT,
  `parent_id` int(11) unsigned NOT NULL DEFAULT '0',
  `type` tinyint(4) unsigned NOT NULL DEFAULT '0',
  `order` int(11) unsigned NOT NULL DEFAULT '0',
  `title` varchar(50) COLLATE utf8mb4_unicode_ci NOT NULL,
  `icon` varchar(50) COLLATE utf8mb4_unicode_ci NOT NULL,
  `uri` varchar(3000) COLLATE utf8mb4_unicode_ci NOT NULL DEFAULT '',
  `header` varchar(150) COLLATE utf8mb4_unicode_ci DEFAULT NULL,
  `plugin_name` varchar(150) COLLATE utf8mb4_unicode_ci NOT NULL DEFAULT '',
  `uuid` varchar(150) COLLATE utf8mb4_unicode_ci DEFAULT NULL,
  `created_at` timestamp NULL DEFAULT CURRENT_TIMESTAMP,
  `updated_at` timestamp NULL DEFAULT CURRENT_TIMESTAMP,
  PRIMARY KEY (`id`)
) ENGINE=InnoDB DEFAULT CHARSET=utf8mb4 COLLATE=utf8mb4_unicode_ci;

LOCK TABLES `goadmin_menu` WRITE;
/*!40000 ALTER TABLE `goadmin_menu` DISABLE KEYS */;

INSERT INTO `goadmin_menu` (`id`, `parent_id`, `type`, `order`, `title`, `icon`, `uri`, `header`, `plugin_name`, `uuid`, `created_at`, `updated_at`)
VALUES
	(1,0,1,2,'Admin','fa-tasks','',NULL,'',NULL,'2019-09-10 00:00:00','2019-09-10 00:00:00'),
	(2,1,1,2,'Users','fa-users','/info/manager',NULL,'',NULL,'2019-09-10 00:00:00','2019-09-10 00:00:00'),
	(3,1,1,3,'Roles','fa-user','/info/roles',NULL,'',NULL,'2019-09-10 00:00:00','2019-09-10 00:00:00'),
	(4,1,1,4,'Permission','fa-ban','/info/permission',NULL,'',NULL,'2019-09-10 00:00:00','2019-09-10 00:00:00'),
	(5,1,1,5,'Menu','fa-bars','/menu',NULL,'',NULL,'2019-09-10 00:00:00','2019-09-10 00:00:00'),
	(6,1,1,6,'Operation log','fa-history','/info/op',NULL,'',NULL,'2019-09-10 00:00:00','2019-09-10 00:00:00'),
	(7,0,1,1,'Dashboard','fa-bar-chart','/',NULL,'',NULL,'2019-09-10 00:00:00','2019-09-10 00:00:00'),
	(9,0,0,14,'게임별 상세','fa-bars','','','',NULL,'2022-09-02 06:45:58','2022-10-21 16:56:21'),
	(10,9,0,14,'합성소녀','fa-gamepad','/info/users','','',NULL,'2022-09-02 06:47:21','2022-09-02 17:58:51'),
	(11,9,0,15,'프린세스테일','fa-gamepad','/table','','',NULL,'2022-09-02 07:18:59','2022-10-21 16:55:26'),
	(12,0,0,13,'Hello','fa-header','/hello','html','',NULL,'2022-10-14 07:52:13','2022-10-21 16:54:04'),
	(13,0,0,7,'Users','fa-user','/info/users','tables','',NULL,'2022-10-21 08:09:19','2022-10-21 08:09:19'),
	(14,0,0,8,'Posts','fa-book','/info/posts','','',NULL,'2022-10-21 08:11:31','2022-10-21 17:12:39'),
	(15,0,0,9,'Authors','fa-user-secret','/info/authors','','',NULL,'2022-10-21 08:14:13','2022-10-21 17:14:44'),
	(16,0,0,10,'External','fa-database','/info/external','','',NULL,'2022-10-21 08:16:17','2022-10-21 17:16:38'),
	(17,0,0,11,'Form','fa-bars','/form','Components','',NULL,'2022-10-21 08:18:01','2022-10-21 08:18:01'),
	(18,0,0,12,'Stat','fa-amazon','/stat','','',NULL,'2022-10-21 08:22:47','2022-10-21 08:22:47');

/*!40000 ALTER TABLE `goadmin_menu` ENABLE KEYS */;
UNLOCK TABLES;


# Dump of table goadmin_operation_log
# ------------------------------------------------------------

DROP TABLE IF EXISTS `goadmin_operation_log`;

CREATE TABLE `goadmin_operation_log` (
  `id` int(10) unsigned NOT NULL AUTO_INCREMENT,
  `user_id` int(11) unsigned NOT NULL,
  `path` varchar(255) COLLATE utf8mb4_unicode_ci NOT NULL,
  `method` varchar(10) COLLATE utf8mb4_unicode_ci NOT NULL,
  `ip` varchar(15) COLLATE utf8mb4_unicode_ci NOT NULL,
  `input` text COLLATE utf8mb4_unicode_ci NOT NULL,
  `created_at` timestamp NULL DEFAULT CURRENT_TIMESTAMP,
  `updated_at` timestamp NULL DEFAULT CURRENT_TIMESTAMP,
  PRIMARY KEY (`id`),
  KEY `admin_operation_log_user_id_index` (`user_id`)
) ENGINE=InnoDB DEFAULT CHARSET=utf8mb4 COLLATE=utf8mb4_unicode_ci;

LOCK TABLES `goadmin_operation_log` WRITE;
/*!40000 ALTER TABLE `goadmin_operation_log` DISABLE KEYS */;

INSERT INTO `goadmin_operation_log` (`id`, `user_id`, `path`, `method`, `ip`, `input`, `created_at`, `updated_at`)
VALUES
	(1,1,'/admin','GET','127.0.0.1','','2022-09-01 09:57:10','2022-09-01 09:57:10'),
	(2,1,'/admin','GET','127.0.0.1','','2022-09-01 09:57:27','2022-09-01 09:57:27'),
	(3,1,'/admin','GET','127.0.0.1','','2022-09-01 09:57:35','2022-09-01 09:57:35'),
	(4,1,'/admin/menu','GET','127.0.0.1','','2022-09-01 09:57:38','2022-09-01 09:57:38'),
	(5,1,'/admin/info/roles','GET','127.0.0.1','','2022-09-01 09:57:40','2022-09-01 09:57:40'),
	(6,1,'/admin/info/manager','GET','127.0.0.1','','2022-09-01 09:57:40','2022-09-01 09:57:40'),
	(7,1,'/admin','GET','127.0.0.1','','2022-09-01 09:57:42','2022-09-01 09:57:42'),
	(8,1,'/admin/info/op','GET','127.0.0.1','','2022-09-01 09:59:17','2022-09-01 09:59:17'),
	(9,1,'/admin/info/roles','GET','127.0.0.1','','2022-09-01 09:59:20','2022-09-01 09:59:20'),
	(10,1,'/admin/info/manager','GET','127.0.0.1','','2022-09-01 09:59:21','2022-09-01 09:59:21'),
	(11,1,'/admin/info/manager','GET','127.0.0.1','','2022-09-02 01:43:10','2022-09-02 01:43:10'),
	(12,1,'/admin/menu','GET','127.0.0.1','','2022-09-02 01:43:17','2022-09-02 01:43:17'),
	(13,1,'/admin','GET','127.0.0.1','','2022-09-02 03:50:25','2022-09-02 03:50:25'),
	(14,1,'/admin','GET','::1','','2022-09-02 06:20:04','2022-09-02 06:20:04'),
	(15,1,'/admin/info/op','GET','::1','','2022-09-02 06:22:02','2022-09-02 06:22:02'),
	(16,1,'/admin/menu','GET','::1','','2022-09-02 06:22:04','2022-09-02 06:22:04'),
	(17,1,'/admin/menu/edit/show','GET','::1','','2022-09-02 06:24:20','2022-09-02 06:24:20'),
	(18,1,'/admin/menu','GET','::1','','2022-09-02 06:24:27','2022-09-02 06:24:27'),
	(19,1,'/admin/menu/new','POST','::1','{\"__go_admin_previous_\":[\"/admin/menu\"],\"__go_admin_t_\":[\"c1747cd4-0169-4e7b-8087-c4d2fb229485\"],\"header\":[\"\"],\"icon\":[\"fa-tasks\"],\"parent_id\":[\"0\"],\"plugin_name\":[\"\"],\"roles[]\":[\"2\"],\"title\":[\"게임별 상세\"],\"uri\":[\"/admin/test\"]}','2022-09-02 06:25:46','2022-09-02 06:25:46'),
	(20,1,'/admin/menu/order','POST','::1','','2022-09-02 06:25:50','2022-09-02 06:25:50'),
	(21,1,'/admin/menu','GET','::1','','2022-09-02 06:25:50','2022-09-02 06:25:50'),
	(22,1,'/admin/menu','GET','::1','','2022-09-02 06:25:52','2022-09-02 06:25:52'),
	(23,1,'/admin/menu','GET','::1','','2022-09-02 06:25:54','2022-09-02 06:25:54'),
	(24,1,'/admin/menu/edit/show','GET','::1','','2022-09-02 06:28:10','2022-09-02 06:28:10'),
	(25,1,'/admin/menu/edit','POST','::1','{\"__go_admin_previous_\":[\"/admin/menu\"],\"__go_admin_t_\":[\"77597127-8ee3-450a-b6c4-3f181fe4f8e8\"],\"created_at\":[\"2022-09-02 06:25:46\"],\"header\":[\"tables\"],\"icon\":[\"fa-user\"],\"id\":[\"8\"],\"parent_id\":[\"0\"],\"plugin_name\":[\"\"],\"roles[]\":[\"1\",\"2\"],\"title\":[\"게임별 상세\"],\"updated_at\":[\"2022-09-02 06:25:46\"],\"uri\":[\"/info/users\"]}','2022-09-02 06:30:52','2022-09-02 06:30:52'),
	(26,1,'/admin/menu','GET','::1','','2022-09-02 06:31:03','2022-09-02 06:31:03'),
	(27,1,'/admin/menu/order','POST','::1','','2022-09-02 06:31:04','2022-09-02 06:31:04'),
	(28,1,'/admin/menu','GET','::1','','2022-09-02 06:31:04','2022-09-02 06:31:04'),
	(29,1,'/admin/menu','GET','::1','','2022-09-02 06:31:05','2022-09-02 06:31:05'),
	(30,1,'/admin/menu','GET','::1','','2022-09-02 06:31:06','2022-09-02 06:31:06'),
	(31,1,'/admin/info/users','GET','::1','','2022-09-02 06:31:07','2022-09-02 06:31:07'),
	(32,1,'/admin/menu','GET','::1','','2022-09-02 06:31:12','2022-09-02 06:31:12'),
	(33,1,'/admin/info/users','GET','::1','','2022-09-02 06:31:18','2022-09-02 06:31:18'),
	(34,1,'/admin/menu','GET','::1','','2022-09-02 06:31:19','2022-09-02 06:31:19'),
	(35,1,'/admin/menu/edit/show','GET','::1','','2022-09-02 06:31:22','2022-09-02 06:31:22'),
	(36,1,'/admin/info/users','GET','::1','','2022-09-02 06:31:26','2022-09-02 06:31:26'),
	(37,1,'/admin/menu','GET','::1','','2022-09-02 06:31:30','2022-09-02 06:31:30'),
	(38,1,'/admin/menu/delete','POST','::1','','2022-09-02 06:39:39','2022-09-02 06:39:39'),
	(39,1,'/admin/menu','GET','::1','','2022-09-02 06:39:39','2022-09-02 06:39:39'),
	(40,1,'/admin/menu/order','POST','::1','','2022-09-02 06:39:42','2022-09-02 06:39:42'),
	(41,1,'/admin/menu','GET','::1','','2022-09-02 06:39:42','2022-09-02 06:39:42'),
	(42,1,'/admin/menu','GET','::1','','2022-09-02 06:39:43','2022-09-02 06:39:43'),
	(43,1,'/admin/menu','GET','::1','','2022-09-02 06:39:45','2022-09-02 06:39:45'),
	(44,1,'/admin/menu','GET','::1','','2022-09-02 06:39:49','2022-09-02 06:39:49'),
	(45,1,'/admin/menu','GET','::1','','2022-09-02 06:44:59','2022-09-02 06:44:59'),
	(46,1,'/admin/menu/new','POST','::1','{\"__go_admin_previous_\":[\"/admin/menu\"],\"__go_admin_t_\":[\"0c51bb65-c722-443d-8990-fac52c70aea9\"],\"header\":[\"테스트\"],\"icon\":[\"fa-bars\"],\"parent_id\":[\"0\"],\"plugin_name\":[\"\"],\"roles[]\":[\"2\"],\"title\":[\"게임별 상세\"],\"uri\":[\"\"]}','2022-09-02 06:45:58','2022-09-02 06:45:58'),
	(47,1,'/admin/menu/edit/show','GET','::1','','2022-09-02 06:46:02','2022-09-02 06:46:02'),
	(48,1,'/admin/menu','GET','::1','','2022-09-02 06:46:05','2022-09-02 06:46:05'),
	(49,1,'/admin/menu/order','POST','::1','','2022-09-02 06:46:08','2022-09-02 06:46:08'),
	(50,1,'/admin/menu','GET','::1','','2022-09-02 06:46:08','2022-09-02 06:46:08'),
	(51,1,'/admin/menu','GET','::1','','2022-09-02 06:46:10','2022-09-02 06:46:10'),
	(52,1,'/admin','GET','::1','','2022-09-02 06:46:13','2022-09-02 06:46:13'),
	(53,1,'/admin/menu','GET','::1','','2022-09-02 06:46:16','2022-09-02 06:46:16'),
	(54,1,'/admin/menu/new','POST','::1','{\"__go_admin_previous_\":[\"/admin/menu\"],\"__go_admin_t_\":[\"735aa1bb-f0c2-4061-9757-41a4928efec3\"],\"header\":[\"\"],\"icon\":[\"fa-gamepad\"],\"parent_id\":[\"9\"],\"plugin_name\":[\"\"],\"roles[]\":[\"2\"],\"title\":[\"합성소녀\"],\"uri\":[\"/info/users\"]}','2022-09-02 06:47:21','2022-09-02 06:47:21'),
	(55,1,'/admin','GET','::1','','2022-09-02 06:47:23','2022-09-02 06:47:23'),
	(56,1,'/admin/menu','GET','::1','','2022-09-02 06:47:25','2022-09-02 06:47:25'),
	(57,1,'/admin/menu/order','POST','::1','','2022-09-02 06:47:27','2022-09-02 06:47:27'),
	(58,1,'/admin/menu','GET','::1','','2022-09-02 06:47:27','2022-09-02 06:47:27'),
	(59,1,'/admin/menu','GET','::1','','2022-09-02 06:47:29','2022-09-02 06:47:29'),
	(60,1,'/admin/menu','GET','::1','','2022-09-02 06:47:31','2022-09-02 06:47:31'),
	(61,1,'/admin/info/users','GET','::1','','2022-09-02 06:47:33','2022-09-02 06:47:33'),
	(62,1,'/admin/menu','GET','::1','','2022-09-02 06:47:40','2022-09-02 06:47:40'),
	(63,1,'/admin/menu','GET','::1','','2022-09-02 06:56:22','2022-09-02 06:56:22'),
	(64,1,'/admin/info/users','GET','::1','','2022-09-02 06:56:24','2022-09-02 06:56:24'),
	(65,1,'/admin/info/users','GET','::1','','2022-09-02 06:56:56','2022-09-02 06:56:56'),
	(66,1,'/admin/info/users','GET','::1','','2022-09-02 06:59:48','2022-09-02 06:59:48'),
	(67,1,'/admin/info/users','GET','::1','','2022-09-02 06:59:49','2022-09-02 06:59:49'),
	(68,1,'/admin/info/users','GET','::1','','2022-09-02 06:59:49','2022-09-02 06:59:49'),
	(69,1,'/admin/menu','GET','::1','','2022-09-02 06:59:51','2022-09-02 06:59:51'),
	(70,1,'/admin/info/users','GET','::1','','2022-09-02 06:59:54','2022-09-02 06:59:54'),
	(71,1,'/admin','GET','::1','','2022-09-02 07:00:42','2022-09-02 07:00:42'),
	(72,1,'/admin/info/manager','GET','::1','','2022-09-02 07:00:57','2022-09-02 07:00:57'),
	(73,1,'/admin/menu','GET','::1','','2022-09-02 07:01:06','2022-09-02 07:01:06'),
	(74,1,'/admin/info/users','GET','::1','','2022-09-02 07:01:12','2022-09-02 07:01:12'),
	(75,1,'/admin/info/users','GET','::1','','2022-09-02 07:01:58','2022-09-02 07:01:58'),
	(76,1,'/admin/info/users','GET','::1','','2022-09-02 07:02:05','2022-09-02 07:02:05'),
	(77,1,'/admin/info/users','GET','::1','','2022-09-02 07:02:09','2022-09-02 07:02:09'),
	(78,1,'/admin/menu','GET','::1','','2022-09-02 07:11:26','2022-09-02 07:11:26'),
	(79,1,'/admin/menu','GET','::1','','2022-09-02 07:11:28','2022-09-02 07:11:28'),
	(80,1,'/admin/menu/edit/show','GET','::1','','2022-09-02 07:11:41','2022-09-02 07:11:41'),
	(81,1,'/admin/menu/edit','POST','::1','{\"__go_admin_previous_\":[\"/admin/menu\"],\"__go_admin_t_\":[\"20f17f81-a319-4245-b011-88f3b6277801\"],\"created_at\":[\"2022-09-02 06:47:21\"],\"header\":[\"tables\"],\"icon\":[\"fa-gamepad\"],\"id\":[\"10\"],\"parent_id\":[\"9\"],\"plugin_name\":[\"\"],\"roles[]\":[\"2\"],\"title\":[\"Users\"],\"updated_at\":[\"2022-09-02 06:47:21\"],\"uri\":[\"/info/users\"]}','2022-09-02 07:12:21','2022-09-02 07:12:21'),
	(82,1,'/admin/menu/order','POST','::1','','2022-09-02 07:12:24','2022-09-02 07:12:24'),
	(83,1,'/admin/menu','GET','::1','','2022-09-02 07:12:24','2022-09-02 07:12:24'),
	(84,1,'/admin/menu','GET','::1','','2022-09-02 07:12:24','2022-09-02 07:12:24'),
	(85,1,'/admin/menu','GET','::1','','2022-09-02 07:12:25','2022-09-02 07:12:25'),
	(86,1,'/admin/info/users','GET','::1','','2022-09-02 07:12:28','2022-09-02 07:12:28'),
	(87,1,'/admin/info/users','GET','::1','','2022-09-02 07:12:30','2022-09-02 07:12:30'),
	(88,1,'/admin/menu','GET','::1','','2022-09-02 07:12:35','2022-09-02 07:12:35'),
	(89,1,'/admin/menu/edit/show','GET','::1','','2022-09-02 07:12:41','2022-09-02 07:12:41'),
	(90,1,'/admin/menu/edit/show','GET','::1','','2022-09-02 07:12:50','2022-09-02 07:12:50'),
	(91,1,'/admin/menu/edit/show','GET','::1','','2022-09-02 07:12:51','2022-09-02 07:12:51'),
	(92,1,'/admin/menu/edit/show','GET','::1','','2022-09-02 07:13:20','2022-09-02 07:13:20'),
	(93,1,'/admin/info/users','GET','::1','','2022-09-02 07:13:23','2022-09-02 07:13:23'),
	(94,1,'/admin/info/users','GET','::1','','2022-09-02 07:13:24','2022-09-02 07:13:24'),
	(95,1,'/admin/info/users','GET','::1','','2022-09-02 07:13:24','2022-09-02 07:13:24'),
	(96,1,'/admin/info/users','GET','::1','','2022-09-02 07:13:24','2022-09-02 07:13:24'),
	(97,1,'/admin/info/users','GET','::1','','2022-09-02 07:13:24','2022-09-02 07:13:24'),
	(98,1,'/admin/info/users','GET','::1','','2022-09-02 07:13:24','2022-09-02 07:13:24'),
	(99,1,'/admin/info/users','GET','::1','','2022-09-02 07:13:28','2022-09-02 07:13:28'),
	(100,1,'/admin/info/users','GET','::1','','2022-09-02 07:13:39','2022-09-02 07:13:39'),
	(101,1,'/admin/info/users','GET','::1','','2022-09-02 07:17:57','2022-09-02 07:17:57'),
	(102,1,'/admin/menu','GET','::1','','2022-09-02 07:18:00','2022-09-02 07:18:00'),
	(103,1,'/admin/menu/new','POST','::1','{\"__go_admin_previous_\":[\"/admin/menu\"],\"__go_admin_t_\":[\"d6b29f97-a76d-4f5a-b061-9610abbba9eb\"],\"header\":[\"\"],\"icon\":[\"fa-bars\"],\"parent_id\":[\"0\"],\"plugin_name\":[\"\"],\"roles[]\":[\"1\"],\"title\":[\"Table\"],\"uri\":[\"/table\"]}','2022-09-02 07:18:59','2022-09-02 07:18:59'),
	(104,1,'/admin/menu/order','POST','::1','','2022-09-02 07:19:01','2022-09-02 07:19:01'),
	(105,1,'/admin/menu','GET','::1','','2022-09-02 07:19:01','2022-09-02 07:19:01'),
	(106,1,'/admin/menu','GET','::1','','2022-09-02 07:19:02','2022-09-02 07:19:02'),
	(107,1,'/admin/table','GET','::1','','2022-09-02 07:19:04','2022-09-02 07:19:04'),
	(108,1,'/admin/info/users','GET','::1','','2022-09-02 07:19:09','2022-09-02 07:19:09'),
	(109,1,'/admin/menu','GET','::1','','2022-09-02 07:19:15','2022-09-02 07:19:15'),
	(110,1,'/admin/menu/order','POST','::1','','2022-09-02 07:19:25','2022-09-02 07:19:25'),
	(111,1,'/admin/menu','GET','::1','','2022-09-02 07:19:25','2022-09-02 07:19:25'),
	(112,1,'/admin/menu','GET','::1','','2022-09-02 07:19:27','2022-09-02 07:19:27'),
	(113,1,'/admin/menu','GET','::1','','2022-09-02 07:19:27','2022-09-02 07:19:27'),
	(114,1,'/admin/info/users','GET','::1','','2022-09-02 07:19:31','2022-09-02 07:19:31'),
	(115,1,'/admin','GET','::1','','2022-09-02 07:19:33','2022-09-02 07:19:33'),
	(116,1,'/admin/info/users','GET','::1','','2022-09-02 07:19:34','2022-09-02 07:19:34'),
	(117,1,'/admin/info/users','GET','::1','','2022-09-02 07:23:13','2022-09-02 07:23:13'),
	(118,1,'/admin/table','GET','::1','','2022-09-02 07:23:15','2022-09-02 07:23:15'),
	(119,1,'/admin/info/users','GET','::1','','2022-09-02 07:23:15','2022-09-02 07:23:15'),
	(120,1,'/admin','GET','::1','','2022-09-02 08:56:00','2022-09-02 08:56:00'),
	(121,1,'/admin/info/users','GET','::1','','2022-09-02 08:56:01','2022-09-02 08:56:01'),
	(122,1,'/admin/update/users','POST','::1','','2022-09-02 08:56:13','2022-09-02 08:56:13'),
	(123,1,'/admin/update/users','POST','::1','','2022-09-02 08:56:14','2022-09-02 08:56:14'),
	(124,1,'/admin/menu','GET','::1','','2022-09-02 08:58:16','2022-09-02 08:58:16'),
	(125,1,'/admin/menu/order','POST','::1','','2022-09-02 08:58:26','2022-09-02 08:58:26'),
	(126,1,'/admin/menu','GET','::1','','2022-09-02 08:58:26','2022-09-02 08:58:26'),
	(127,1,'/admin/menu','GET','::1','','2022-09-02 08:58:28','2022-09-02 08:58:28'),
	(128,1,'/admin/menu','GET','::1','','2022-09-02 08:58:29','2022-09-02 08:58:29'),
	(129,1,'/admin/info/users','GET','::1','','2022-09-02 08:58:31','2022-09-02 08:58:31'),
	(130,1,'/admin/menu','GET','::1','','2022-09-02 08:58:36','2022-09-02 08:58:36'),
	(131,1,'/admin/menu/edit/show','GET','::1','','2022-09-02 08:58:39','2022-09-02 08:58:39'),
	(132,1,'/admin/menu/edit','POST','::1','{\"__go_admin_previous_\":[\"/admin/menu\"],\"__go_admin_t_\":[\"4054600a-6a28-42e3-b078-f4cfd47cbb92\"],\"created_at\":[\"2022-09-02 06:47:21\"],\"header\":[\"\"],\"icon\":[\"fa-gamepad\"],\"id\":[\"10\"],\"parent_id\":[\"9\"],\"plugin_name\":[\"\"],\"roles[]\":[\"2\"],\"title\":[\"합성소녀\"],\"updated_at\":[\"2022-09-02 16:12:21\"],\"uri\":[\"/info/users\"]}','2022-09-02 08:58:51','2022-09-02 08:58:51'),
	(133,1,'/admin/menu/order','POST','::1','','2022-09-02 08:58:54','2022-09-02 08:58:54'),
	(134,1,'/admin/menu','GET','::1','','2022-09-02 08:58:54','2022-09-02 08:58:54'),
	(135,1,'/admin/menu','GET','::1','','2022-09-02 08:58:57','2022-09-02 08:58:57'),
	(136,1,'/admin/info/users','GET','::1','','2022-09-02 08:59:00','2022-09-02 08:59:00'),
	(137,1,'/admin/info/users','GET','::1','','2022-09-02 08:59:00','2022-09-02 08:59:00'),
	(138,1,'/admin/table','GET','::1','','2022-09-02 08:59:07','2022-09-02 08:59:07'),
	(139,1,'/admin/info/users','GET','::1','','2022-09-02 08:59:08','2022-09-02 08:59:08'),
	(140,1,'/admin/table','GET','::1','','2022-09-02 08:59:09','2022-09-02 08:59:09'),
	(141,1,'/admin/info/users','GET','::1','','2022-09-02 08:59:11','2022-09-02 08:59:11'),
	(142,1,'/admin/menu','GET','::1','','2022-09-02 08:59:15','2022-09-02 08:59:15'),
	(143,1,'/admin/menu/edit/show','GET','::1','','2022-09-02 08:59:18','2022-09-02 08:59:18'),
	(144,1,'/admin/menu/edit','POST','::1','{\"__go_admin_previous_\":[\"/admin/menu\"],\"__go_admin_t_\":[\"9cf51810-6f92-414d-9c35-4abd5ec51990\"],\"created_at\":[\"2022-09-02 07:18:59\"],\"header\":[\"\"],\"icon\":[\"fa-bars\"],\"id\":[\"11\"],\"parent_id\":[\"9\"],\"plugin_name\":[\"\"],\"roles[]\":[\"1\"],\"title\":[\"프린세스테일\"],\"updated_at\":[\"2022-09-02 07:18:59\"],\"uri\":[\"/table\"]}','2022-09-02 08:59:37','2022-09-02 08:59:37'),
	(145,1,'/admin/menu/order','POST','::1','','2022-09-02 08:59:40','2022-09-02 08:59:40'),
	(146,1,'/admin/menu','GET','::1','','2022-09-02 08:59:40','2022-09-02 08:59:40'),
	(147,1,'/admin/menu','GET','::1','','2022-09-02 08:59:43','2022-09-02 08:59:43'),
	(148,1,'/admin/table','GET','::1','','2022-09-02 08:59:46','2022-09-02 08:59:46'),
	(149,1,'/admin/info/users','GET','::1','','2022-09-02 08:59:47','2022-09-02 08:59:47'),
	(150,1,'/admin/menu','GET','::1','','2022-09-02 09:00:07','2022-09-02 09:00:07'),
	(151,1,'/admin/menu/edit/show','GET','::1','','2022-09-02 09:00:09','2022-09-02 09:00:09'),
	(152,1,'/admin/menu/edit','POST','::1','{\"__go_admin_previous_\":[\"/admin/menu\"],\"__go_admin_t_\":[\"b3010b78-d1ed-4086-8804-2b19e518dd1a\"],\"created_at\":[\"2022-09-02 07:18:59\"],\"header\":[\"\"],\"icon\":[\"fa-gamepad\"],\"id\":[\"11\"],\"parent_id\":[\"9\"],\"plugin_name\":[\"\"],\"roles[]\":[\"1\"],\"title\":[\"프린세스테일\"],\"updated_at\":[\"2022-09-02 17:59:37\"],\"uri\":[\"/table\"]}','2022-09-02 09:00:18','2022-09-02 09:00:18'),
	(153,1,'/admin/menu/edit/show','GET','::1','','2022-09-02 09:00:21','2022-09-02 09:00:21'),
	(154,1,'/admin/menu','GET','::1','','2022-09-02 09:00:23','2022-09-02 09:00:23'),
	(155,1,'/admin/menu/edit/show','GET','::1','','2022-09-02 09:00:24','2022-09-02 09:00:24'),
	(156,1,'/admin/menu/edit','POST','::1','{\"__go_admin_previous_\":[\"/admin/menu\"],\"__go_admin_t_\":[\"ab2e2492-07fb-4594-b814-033e229a83de\"],\"created_at\":[\"2022-09-02 07:18:59\"],\"header\":[\"\"],\"icon\":[\"fa-gamepad\"],\"id\":[\"11\"],\"parent_id\":[\"9\"],\"plugin_name\":[\"\"],\"roles[]\":[\"2\"],\"title\":[\"프린세스테일\"],\"updated_at\":[\"2022-09-02 18:00:18\"],\"uri\":[\"/table\"]}','2022-09-02 09:00:29','2022-09-02 09:00:29'),
	(157,1,'/admin/menu/order','POST','::1','','2022-09-02 09:00:31','2022-09-02 09:00:31'),
	(158,1,'/admin/menu','GET','::1','','2022-09-02 09:00:31','2022-09-02 09:00:31'),
	(159,1,'/admin','GET','::1','','2022-09-02 09:00:37','2022-09-02 09:00:37'),
	(160,1,'/admin/info/users','GET','::1','','2022-09-02 09:00:40','2022-09-02 09:00:40'),
	(161,1,'/admin/table','GET','::1','','2022-09-02 09:00:41','2022-09-02 09:00:41'),
	(162,1,'/admin/menu','GET','::1','','2022-09-02 09:00:46','2022-09-02 09:00:46'),
	(163,1,'/admin/menu/order','POST','::1','','2022-09-02 09:00:48','2022-09-02 09:00:48'),
	(164,1,'/admin/menu','GET','::1','','2022-09-02 09:00:48','2022-09-02 09:00:48'),
	(165,1,'/admin/menu','GET','::1','','2022-09-02 09:00:48','2022-09-02 09:00:48'),
	(166,1,'/admin/menu','GET','::1','','2022-09-02 09:00:50','2022-09-02 09:00:50'),
	(167,1,'/admin/table','GET','::1','','2022-09-02 09:00:52','2022-09-02 09:00:52'),
	(168,1,'/admin/info/users','GET','::1','','2022-09-02 09:00:53','2022-09-02 09:00:53'),
	(169,1,'/admin/table','GET','::1','','2022-09-02 09:00:54','2022-09-02 09:00:54'),
	(170,1,'/admin','GET','::1','','2022-09-05 01:20:30','2022-09-05 01:20:30'),
	(171,1,'/admin/info/users','GET','::1','','2022-09-05 01:20:35','2022-09-05 01:20:35'),
	(172,1,'/admin/table','GET','::1','','2022-09-05 01:20:40','2022-09-05 01:20:40'),
	(173,1,'/admin/info/users','GET','::1','','2022-09-05 01:20:42','2022-09-05 01:20:42'),
	(174,1,'/admin/operation/_see_more_example','POST','::1','','2022-09-05 01:21:39','2022-09-05 01:21:39'),
	(175,1,'/admin/operation/_see_more_example','POST','::1','','2022-09-05 01:21:43','2022-09-05 01:21:43'),
	(176,1,'/admin/operation/_see_more_example','POST','::1','','2022-09-05 01:21:47','2022-09-05 01:21:47'),
	(177,1,'/admin/operation/_see_more_example','POST','::1','','2022-09-05 01:21:51','2022-09-05 01:21:51'),
	(178,1,'/admin/table','GET','::1','','2022-09-05 01:22:01','2022-09-05 01:22:01'),
	(179,1,'/admin/info/users','GET','::1','','2022-09-05 01:22:03','2022-09-05 01:22:03'),
	(180,1,'/admin/table','GET','::1','','2022-09-05 01:22:17','2022-09-05 01:22:17'),
	(181,1,'/admin/table','GET','::1','','2022-09-05 01:22:31','2022-09-05 01:22:31'),
	(182,1,'/admin/table','GET','::1','','2022-09-05 01:22:37','2022-09-05 01:22:37'),
	(183,1,'/admin/table','GET','::1','','2022-09-05 01:22:45','2022-09-05 01:22:45'),
	(184,1,'/admin/table','GET','::1','','2022-09-05 01:22:49','2022-09-05 01:22:49'),
	(185,1,'/admin/operation/ajax_id','POST','::1','','2022-09-05 01:22:57','2022-09-05 01:22:57'),
	(186,1,'/admin','GET','::1','','2022-09-05 01:23:05','2022-09-05 01:23:05'),
	(187,1,'/admin/info/users','GET','::1','','2022-09-05 02:37:46','2022-09-05 02:37:46'),
	(188,1,'/admin','GET','::1','','2022-09-05 05:01:32','2022-09-05 05:01:32'),
	(189,1,'/admin/info/generate/new','GET','::1','','2022-09-05 05:01:34','2022-09-05 05:01:34'),
	(190,1,'/admin/operation/_tool_choose_conn','POST','::1','','2022-09-05 05:01:57','2022-09-05 05:01:57'),
	(191,1,'/admin/operation/_tool_choose_table','POST','::1','','2022-09-05 05:02:00','2022-09-05 05:02:00'),
	(192,1,'/admin/plugins','GET','::1','','2022-09-05 05:04:53','2022-09-05 05:04:53'),
	(193,1,'/admin/plugins/store','GET','::1','','2022-09-05 05:04:59','2022-09-05 05:04:59'),
	(194,1,'/admin/plugins','GET','::1','','2022-09-05 05:05:08','2022-09-05 05:05:08'),
	(195,1,'/admin/info/generate/new','GET','::1','','2022-09-05 05:05:09','2022-09-05 05:05:09'),
	(196,1,'/admin/plugins','GET','::1','','2022-09-05 05:05:13','2022-09-05 05:05:13'),
	(197,1,'/admin','GET','::1','','2022-09-05 05:05:21','2022-09-05 05:05:21'),
	(198,1,'/admin/info/users','GET','::1','','2022-09-05 05:05:27','2022-09-05 05:05:27'),
	(199,1,'/admin/info/users','GET','::1','','2022-09-05 05:05:48','2022-09-05 05:05:48'),
	(200,1,'/admin/info/users','GET','::1','','2022-09-05 05:05:49','2022-09-05 05:05:49'),
	(201,1,'/admin/info/users','GET','::1','','2022-09-05 05:05:50','2022-09-05 05:05:50'),
	(202,1,'/admin/table','GET','::1','','2022-09-05 05:05:53','2022-09-05 05:05:53'),
	(203,1,'/admin/table','GET','::1','','2022-09-05 05:05:54','2022-09-05 05:05:54'),
	(204,1,'/admin/table','GET','::1','','2022-09-05 05:05:56','2022-09-05 05:05:56'),
	(205,1,'/admin/table','GET','::1','','2022-09-05 05:06:00','2022-09-05 05:06:00'),
	(206,1,'/admin/info/users','GET','::1','','2022-09-05 05:06:05','2022-09-05 05:06:05'),
	(207,1,'/admin/info/users','GET','::1','','2022-09-05 05:06:08','2022-09-05 05:06:08'),
	(208,1,'/admin/info/users','GET','::1','','2022-09-05 05:06:09','2022-09-05 05:06:09'),
	(209,1,'/admin/application/info','GET','::1','','2022-09-05 05:06:19','2022-09-05 05:06:19'),
	(210,1,'/admin/info/generate/new','GET','::1','','2022-09-05 05:06:21','2022-09-05 05:06:21'),
	(211,1,'/admin/info/site/edit','GET','::1','','2022-09-05 05:06:23','2022-09-05 05:06:23'),
	(212,1,'/admin','GET','::1','','2022-09-05 05:07:26','2022-09-05 05:07:26'),
	(213,1,'/admin','GET','::1','','2022-09-06 03:37:17','2022-09-06 03:37:17'),
	(214,1,'/admin/plugins','GET','::1','','2022-09-06 03:37:21','2022-09-06 03:37:21'),
	(215,1,'/admin/plugins','GET','::1','','2022-09-06 03:37:24','2022-09-06 03:37:24'),
	(216,1,'/admin/menu','GET','::1','','2022-09-06 03:37:32','2022-09-06 03:37:32'),
	(217,1,'/admin/info/users','GET','::1','','2022-09-06 03:37:37','2022-09-06 03:37:37'),
	(218,1,'/admin/table','GET','::1','','2022-09-06 03:38:22','2022-09-06 03:38:22'),
	(219,1,'/admin/table','GET','::1','','2022-09-06 03:38:34','2022-09-06 03:38:34'),
	(220,1,'/admin/table','GET','::1','','2022-09-06 03:38:35','2022-09-06 03:38:35'),
	(221,1,'/admin/info/users','GET','::1','','2022-09-06 03:38:36','2022-09-06 03:38:36'),
	(222,1,'/admin/table','GET','::1','','2022-09-06 03:38:37','2022-09-06 03:38:37'),
	(223,1,'/admin/table','GET','::1','','2022-09-06 03:38:40','2022-09-06 03:38:40'),
	(224,1,'/admin/table','GET','::1','','2022-09-06 03:38:45','2022-09-06 03:38:45'),
	(225,1,'/admin/table','GET','::1','','2022-09-06 03:39:02','2022-09-06 03:39:02'),
	(226,1,'/admin/info/users','GET','::1','','2022-09-06 03:39:03','2022-09-06 03:39:03'),
	(227,1,'/admin/table','GET','::1','','2022-09-06 03:39:05','2022-09-06 03:39:05'),
	(228,1,'/admin/info/users','GET','::1','','2022-09-06 03:39:06','2022-09-06 03:39:06'),
	(229,1,'/admin','GET','::1','','2022-09-22 10:06:16','2022-09-22 10:06:16'),
	(230,1,'/admin/info/users','GET','::1','','2022-09-22 10:06:23','2022-09-22 10:06:23'),
	(231,1,'/admin/table','GET','::1','','2022-09-22 10:06:25','2022-09-22 10:06:25'),
	(232,1,'/admin/info/manager','GET','::1','','2022-09-22 10:06:28','2022-09-22 10:06:28'),
	(233,1,'/admin/info/roles','GET','::1','','2022-09-22 10:06:29','2022-09-22 10:06:29'),
	(234,1,'/admin/info/permission','GET','::1','','2022-09-22 10:06:30','2022-09-22 10:06:30'),
	(235,1,'/admin/menu','GET','::1','','2022-09-22 10:06:30','2022-09-22 10:06:30'),
	(236,1,'/admin/info/op','GET','::1','','2022-09-22 10:06:30','2022-09-22 10:06:30'),
	(237,1,'/admin','GET','::1','','2022-09-22 10:06:31','2022-09-22 10:06:31'),
	(238,1,'/admin','GET','::1','','2022-09-28 06:33:05','2022-09-28 06:33:05'),
	(239,1,'/admin/info/manager','GET','::1','','2022-09-28 06:33:12','2022-09-28 06:33:12'),
	(240,1,'/admin/info/roles','GET','::1','','2022-09-28 06:35:16','2022-09-28 06:35:16'),
	(241,1,'/admin/info/permission','GET','::1','','2022-09-28 06:35:16','2022-09-28 06:35:16'),
	(242,1,'/admin/info/permission','GET','::1','','2022-09-28 06:35:17','2022-09-28 06:35:17'),
	(243,1,'/admin/info/users','GET','::1','','2022-09-28 06:35:21','2022-09-28 06:35:21'),
	(244,1,'/admin/table','GET','::1','','2022-09-28 06:35:23','2022-09-28 06:35:23'),
	(245,1,'/admin/info/users','GET','::1','','2022-09-28 06:35:25','2022-09-28 06:35:25'),
	(246,1,'/admin/menu','GET','::1','','2022-09-28 06:35:49','2022-09-28 06:35:49'),
	(247,1,'/admin/table','GET','::1','','2022-09-28 06:36:47','2022-09-28 06:36:47'),
	(248,1,'/admin/info/users','GET','::1','','2022-09-28 06:40:49','2022-09-28 06:40:49'),
	(249,1,'/admin/table','GET','::1','','2022-09-28 06:40:51','2022-09-28 06:40:51'),
	(250,1,'/admin/info/users','GET','::1','','2022-09-28 06:40:52','2022-09-28 06:40:52'),
	(251,1,'/admin/table','GET','::1','','2022-09-28 06:41:46','2022-09-28 06:41:46'),
	(252,1,'/admin','GET','::1','','2022-09-28 06:41:49','2022-09-28 06:41:49'),
	(253,1,'/admin/table','GET','::1','','2022-09-28 06:41:52','2022-09-28 06:41:52'),
	(254,1,'/admin/info/users','GET','::1','','2022-09-28 06:41:52','2022-09-28 06:41:52'),
	(255,1,'/admin','GET','::1','','2022-10-06 05:30:22','2022-10-06 05:30:22'),
	(256,1,'/admin/info/users','GET','::1','','2022-10-06 05:31:02','2022-10-06 05:31:02'),
	(257,1,'/admin','GET','::1','','2022-10-06 05:31:06','2022-10-06 05:31:06'),
	(258,1,'/admin/info/users','GET','::1','','2022-10-06 07:21:52','2022-10-06 07:21:52'),
	(259,1,'/admin/table','GET','::1','','2022-10-06 07:22:02','2022-10-06 07:22:02'),
	(260,1,'/admin/info/users','GET','::1','','2022-10-06 07:22:03','2022-10-06 07:22:03'),
	(261,1,'/admin/operation/_see_more_example','POST','::1','','2022-10-06 07:22:37','2022-10-06 07:22:37'),
	(262,1,'/admin/table','GET','::1','','2022-10-06 07:23:13','2022-10-06 07:23:13'),
	(263,1,'/admin/info/users','GET','::1','','2022-10-06 07:24:57','2022-10-06 07:24:57'),
	(264,1,'/admin/table','GET','::1','','2022-10-06 07:25:00','2022-10-06 07:25:00'),
	(265,1,'/admin/info/users','GET','::1','','2022-10-06 07:25:01','2022-10-06 07:25:01'),
	(266,1,'/admin','GET','::1','','2022-10-06 07:25:46','2022-10-06 07:25:46'),
	(267,1,'/admin','GET','::1','','2022-10-06 07:30:45','2022-10-06 07:30:45'),
	(268,1,'/admin/info/manager','GET','::1','','2022-10-06 07:30:52','2022-10-06 07:30:52'),
	(269,1,'/admin/info/op','GET','::1','','2022-10-06 07:30:54','2022-10-06 07:30:54'),
	(270,1,'/admin/menu','GET','::1','','2022-10-06 07:30:58','2022-10-06 07:30:58'),
	(271,1,'/admin/menu','GET','::1','','2022-10-12 02:53:47','2022-10-12 02:53:47'),
	(272,1,'/admin/info/users','GET','::1','','2022-10-12 02:59:53','2022-10-12 02:59:53'),
	(273,1,'/admin/info/users','GET','::1','','2022-10-12 03:01:51','2022-10-12 03:01:51'),
	(274,1,'/admin/table','GET','::1','','2022-10-12 03:01:58','2022-10-12 03:01:58'),
	(275,1,'/admin/info/users','GET','::1','','2022-10-12 03:02:55','2022-10-12 03:02:55'),
	(276,1,'/admin/table','GET','::1','','2022-10-12 03:02:59','2022-10-12 03:02:59'),
	(277,1,'/admin/operation/ajax_id','POST','::1','','2022-10-12 03:03:33','2022-10-12 03:03:33'),
	(278,1,'/admin/menu','GET','::1','','2022-10-13 07:25:07','2022-10-13 07:25:07'),
	(279,1,'/admin/info/users','GET','::1','','2022-10-13 07:25:33','2022-10-13 07:25:33'),
	(280,1,'/admin/table','GET','::1','','2022-10-13 07:25:37','2022-10-13 07:25:37'),
	(281,1,'/admin/table','GET','::1','','2022-10-13 07:25:40','2022-10-13 07:25:40'),
	(282,1,'/admin/info/users','GET','::1','','2022-10-13 07:25:46','2022-10-13 07:25:46'),
	(283,1,'/admin/table','GET','::1','','2022-10-13 07:25:47','2022-10-13 07:25:47'),
	(284,1,'/admin/info/users','GET','::1','','2022-10-13 07:25:49','2022-10-13 07:25:49'),
	(285,1,'/admin/table','GET','::1','','2022-10-13 07:25:51','2022-10-13 07:25:51'),
	(286,1,'/admin/info/users','GET','::1','','2022-10-13 07:25:52','2022-10-13 07:25:52'),
	(287,1,'/admin','GET','::1','','2022-10-13 07:26:00','2022-10-13 07:26:00'),
	(288,1,'/admin','GET','::1','','2022-10-13 08:37:55','2022-10-13 08:37:55'),
	(289,1,'/admin/logout','GET','::1','','2022-10-13 08:37:58','2022-10-13 08:37:58'),
	(290,1,'/admin','GET','::1','','2022-10-13 09:31:08','2022-10-13 09:31:08'),
	(291,1,'/admin/info/users','GET','::1','','2022-10-13 09:31:11','2022-10-13 09:31:11'),
	(292,1,'/admin/info/users','GET','::1','','2022-10-13 09:31:14','2022-10-13 09:31:14'),
	(293,1,'/admin','GET','::1','','2022-10-13 09:31:15','2022-10-13 09:31:15'),
	(294,1,'/admin/info/manager','GET','::1','','2022-10-13 09:31:17','2022-10-13 09:31:17'),
	(295,1,'/admin','GET','::1','','2022-10-13 09:31:18','2022-10-13 09:31:18'),
	(296,1,'/admin','GET','::1','','2022-10-13 09:50:05','2022-10-13 09:50:05'),
	(297,1,'/admin/logout','GET','::1','','2022-10-13 09:50:13','2022-10-13 09:50:13'),
	(298,1,'/admin','GET','::1','','2022-10-13 09:50:24','2022-10-13 09:50:24'),
	(299,1,'/admin','GET','::1','','2022-10-14 02:12:38','2022-10-14 02:12:38'),
	(300,1,'/admin/logout','GET','::1','','2022-10-14 02:13:08','2022-10-14 02:13:08'),
	(301,1,'/admin','GET','::1','','2022-10-14 03:02:19','2022-10-14 03:02:19'),
	(302,1,'/admin/menu','GET','::1','','2022-10-14 04:03:47','2022-10-14 04:03:47'),
	(303,1,'/admin','GET','::1','','2022-10-14 07:46:02','2022-10-14 07:46:02'),
	(304,1,'/admin/menu','GET','::1','','2022-10-14 07:46:32','2022-10-14 07:46:32'),
	(305,1,'/admin/menu/new','POST','::1','{\"__go_admin_previous_\":[\"/admin/menu\"],\"__go_admin_t_\":[\"59037331-0ca9-4a43-9fc6-1eac1433c939\"],\"header\":[\"\"],\"icon\":[\"fa-header\"],\"parent_id\":[\"\"],\"plugin_name\":[\"\"],\"roles[]\":[\"1\"],\"title\":[\"Hello\"],\"uri\":[\"/hello\"]}','2022-10-14 07:52:13','2022-10-14 07:52:13'),
	(306,1,'/admin/menu/order','POST','::1','','2022-10-14 07:52:25','2022-10-14 07:52:25'),
	(307,1,'/admin/menu','GET','::1','','2022-10-14 07:52:25','2022-10-14 07:52:25'),
	(308,1,'/admin/menu','GET','::1','','2022-10-14 07:52:28','2022-10-14 07:52:28'),
	(309,1,'/admin/menu','GET','::1','','2022-10-14 07:52:30','2022-10-14 07:52:30'),
	(310,1,'/admin/hello','GET','::1','','2022-10-14 07:52:31','2022-10-14 07:52:31'),
	(311,1,'/admin/hello','GET','::1','','2022-10-14 07:52:36','2022-10-14 07:52:36'),
	(312,1,'/admin/hello','GET','::1','','2022-10-14 07:52:40','2022-10-14 07:52:40'),
	(313,1,'/admin/menu','GET','::1','','2022-10-14 07:52:43','2022-10-14 07:52:43'),
	(314,1,'/admin/menu/edit/show','GET','::1','','2022-10-14 07:52:45','2022-10-14 07:52:45'),
	(315,1,'/admin/menu/edit','POST','::1','{\"__go_admin_previous_\":[\"/admin/menu\"],\"__go_admin_t_\":[\"d7c41f4b-0721-45f4-b895-832d999d32df\"],\"created_at\":[\"2022-10-14 07:52:13\"],\"header\":[\"\"],\"icon\":[\"fa-header\"],\"id\":[\"12\"],\"parent_id\":[\"0\"],\"plugin_name\":[\"\"],\"roles[]\":[\"1\"],\"title\":[\"Hello\"],\"updated_at\":[\"2022-10-14 07:52:13\"],\"uri\":[\"/hello1\"]}','2022-10-14 07:52:51','2022-10-14 07:52:51'),
	(316,1,'/admin/menu/order','POST','::1','','2022-10-14 07:52:53','2022-10-14 07:52:53'),
	(317,1,'/admin/menu','GET','::1','','2022-10-14 07:52:53','2022-10-14 07:52:53'),
	(318,1,'/admin/menu','GET','::1','','2022-10-14 07:52:59','2022-10-14 07:52:59'),
	(319,1,'/admin/menu/edit/show','GET','::1','','2022-10-14 07:53:11','2022-10-14 07:53:11'),
	(320,1,'/admin/menu/edit','POST','::1','{\"__go_admin_previous_\":[\"/admin/menu\"],\"__go_admin_t_\":[\"3bd8af16-2c43-425a-9c63-6533a577c08d\"],\"created_at\":[\"2022-10-14 07:52:13\"],\"header\":[\"\"],\"icon\":[\"fa-header\"],\"id\":[\"12\"],\"parent_id\":[\"0\"],\"plugin_name\":[\"\"],\"roles[]\":[\"1\"],\"title\":[\"Hello\"],\"updated_at\":[\"2022-10-14 16:52:51\"],\"uri\":[\"/hello\"]}','2022-10-14 07:53:14','2022-10-14 07:53:14'),
	(321,1,'/admin/menu/order','POST','::1','','2022-10-14 07:53:15','2022-10-14 07:53:15'),
	(322,1,'/admin/menu','GET','::1','','2022-10-14 07:53:16','2022-10-14 07:53:16'),
	(323,1,'/admin/menu','GET','::1','','2022-10-14 07:53:21','2022-10-14 07:53:21'),
	(324,1,'/admin/menu','GET','::1','','2022-10-14 07:53:22','2022-10-14 07:53:22'),
	(325,1,'/admin/hello','GET','::1','','2022-10-14 07:53:23','2022-10-14 07:53:23'),
	(326,1,'/admin/hello','GET','::1','','2022-10-14 07:55:46','2022-10-14 07:55:46'),
	(327,1,'/admin/info/users','GET','::1','','2022-10-14 07:55:49','2022-10-14 07:55:49'),
	(328,1,'/admin/table','GET','::1','','2022-10-14 07:55:50','2022-10-14 07:55:50'),
	(329,1,'/admin/table','GET','::1','','2022-10-14 08:17:02','2022-10-14 08:17:02'),
	(330,1,'/admin/table','GET','::1','','2022-10-14 08:17:49','2022-10-14 08:17:49'),
	(331,1,'/admin/hello','GET','::1','','2022-10-14 08:17:50','2022-10-14 08:17:50'),
	(332,1,'/admin/hello','GET','::1','','2022-10-14 08:17:52','2022-10-14 08:17:52'),
	(333,1,'/admin/info/users','GET','::1','','2022-10-14 08:17:53','2022-10-14 08:17:53'),
	(334,1,'/admin/table','GET','::1','','2022-10-14 08:17:55','2022-10-14 08:17:55'),
	(335,1,'/admin/info/users','GET','::1','','2022-10-14 08:17:55','2022-10-14 08:17:55'),
	(336,1,'/admin/operation/_see_more_example','POST','::1','','2022-10-14 08:20:11','2022-10-14 08:20:11'),
	(337,1,'/admin/operation/_see_more_example','POST','::1','','2022-10-14 08:20:15','2022-10-14 08:20:15'),
	(338,1,'/admin/info/users/detail','GET','::1','','2022-10-14 08:20:48','2022-10-14 08:20:48'),
	(339,1,'/admin/info/users','GET','::1','','2022-10-14 08:21:21','2022-10-14 08:21:21'),
	(340,1,'/admin/operation/_admin_preview','POST','::1','','2022-10-14 08:21:30','2022-10-14 08:21:30'),
	(341,1,'/admin/operation/_admin_audit','POST','::1','','2022-10-14 08:21:34','2022-10-14 08:21:34'),
	(342,1,'/admin/table','GET','::1','','2022-10-14 08:21:55','2022-10-14 08:21:55'),
	(343,1,'/admin/info/users','GET','::1','','2022-10-14 08:21:58','2022-10-14 08:21:58'),
	(344,1,'/admin/operation/_admin_popup','POST','::1','','2022-10-14 08:24:20','2022-10-14 08:24:20'),
	(345,1,'/admin/info/users','GET','::1','','2022-10-14 08:26:05','2022-10-14 08:26:05'),
	(346,1,'/admin/info/users','GET','::1','','2022-10-14 08:26:06','2022-10-14 08:26:06'),
	(347,1,'/admin/info/users','GET','::1','','2022-10-14 08:26:07','2022-10-14 08:26:07'),
	(348,1,'/admin/table','GET','::1','','2022-10-14 08:26:19','2022-10-14 08:26:19'),
	(349,1,'/admin/info/users','GET','::1','','2022-10-14 08:26:21','2022-10-14 08:26:21'),
	(350,1,'/admin/table','GET','::1','','2022-10-14 08:26:23','2022-10-14 08:26:23'),
	(351,1,'/admin/hello','GET','::1','','2022-10-14 08:26:25','2022-10-14 08:26:25'),
	(352,1,'/admin','GET','::1','','2022-10-14 08:26:29','2022-10-14 08:26:29'),
	(353,1,'/admin/info/manager','GET','::1','','2022-10-14 08:26:36','2022-10-14 08:26:36'),
	(354,1,'/admin/info/users','GET','::1','','2022-10-14 08:26:40','2022-10-14 08:26:40'),
	(355,1,'/admin/table','GET','::1','','2022-10-14 08:26:42','2022-10-14 08:26:42'),
	(356,1,'/admin/hello','GET','::1','','2022-10-14 08:27:25','2022-10-14 08:27:25'),
	(357,1,'/admin/info/users','GET','::1','','2022-10-14 08:27:28','2022-10-14 08:27:28'),
	(358,1,'/admin/info/users','GET','::1','','2022-10-14 08:27:33','2022-10-14 08:27:33'),
	(359,1,'/admin/info/users','GET','::1','','2022-10-14 08:27:34','2022-10-14 08:27:34'),
	(360,1,'/admin/info/users','GET','::1','','2022-10-14 08:27:44','2022-10-14 08:27:44'),
	(361,1,'/admin/info/users','GET','::1','','2022-10-14 08:29:38','2022-10-14 08:29:38'),
	(362,1,'/admin/info/users','GET','::1','','2022-10-14 08:32:07','2022-10-14 08:32:07'),
	(363,1,'/admin/table','GET','::1','','2022-10-14 08:32:23','2022-10-14 08:32:23'),
	(364,1,'/admin/info/users','GET','::1','','2022-10-14 08:32:24','2022-10-14 08:32:24'),
	(365,1,'/admin','GET','::1','','2022-10-14 08:32:26','2022-10-14 08:32:26'),
	(366,1,'/admin/info/users','GET','::1','','2022-10-14 08:32:27','2022-10-14 08:32:27'),
	(367,1,'/admin','GET','::1','','2022-10-17 09:48:13','2022-10-17 09:48:13'),
	(368,1,'/admin/hello','GET','::1','','2022-10-17 09:48:23','2022-10-17 09:48:23'),
	(369,1,'/admin/info/users','GET','::1','','2022-10-17 09:48:25','2022-10-17 09:48:25'),
	(370,1,'/admin/table','GET','::1','','2022-10-17 09:48:25','2022-10-17 09:48:25'),
	(371,1,'/admin','GET','::1','','2022-10-17 09:52:52','2022-10-17 09:52:52'),
	(372,1,'/admin/info/permission','GET','::1','','2022-10-17 10:03:41','2022-10-17 10:03:41'),
	(373,1,'/admin/info/roles','GET','::1','','2022-10-17 10:03:45','2022-10-17 10:03:45'),
	(374,1,'/admin/info/manager','GET','::1','','2022-10-17 10:03:47','2022-10-17 10:03:47'),
	(375,1,'/admin/info/permission','GET','::1','','2022-10-17 10:03:48','2022-10-17 10:03:48'),
	(376,1,'/admin/info/permission/edit','GET','::1','','2022-10-17 10:13:00','2022-10-17 10:13:00'),
	(377,1,'/admin/info/permission','GET','::1','','2022-10-17 10:13:26','2022-10-17 10:13:26'),
	(378,1,'/admin/info/permission/new','GET','::1','','2022-10-17 10:13:35','2022-10-17 10:13:35'),
	(379,1,'/admin/info/permission','GET','::1','','2022-10-17 10:13:38','2022-10-17 10:13:38'),
	(380,1,'/admin/table','GET','::1','','2022-10-17 10:13:49','2022-10-17 10:13:49'),
	(381,1,'/admin','GET','::1','','2022-10-17 10:14:12','2022-10-17 10:14:12'),
	(382,1,'/admin/info/roles','GET','::1','','2022-10-17 10:14:16','2022-10-17 10:14:16'),
	(383,1,'/admin/info/roles/edit','GET','::1','','2022-10-17 10:14:23','2022-10-17 10:14:23'),
	(384,1,'/admin/info/roles','GET','::1','','2022-10-17 10:14:35','2022-10-17 10:14:35'),
	(385,1,'/admin/info/permission','GET','::1','','2022-10-17 10:14:40','2022-10-17 10:14:40'),
	(386,1,'/admin/info/permission/new','GET','::1','','2022-10-17 10:14:45','2022-10-17 10:14:45'),
	(387,1,'/admin/info/permission','GET','::1','','2022-10-17 10:15:18','2022-10-17 10:15:18'),
	(388,1,'/admin/info/roles','GET','::1','','2022-10-17 10:15:21','2022-10-17 10:15:21'),
	(389,1,'/admin/info/permission','GET','::1','','2022-10-17 10:15:22','2022-10-17 10:15:22'),
	(390,1,'/admin/info/roles','GET','::1','','2022-10-17 10:15:32','2022-10-17 10:15:32'),
	(391,1,'/admin/info/roles/edit','GET','::1','','2022-10-17 10:16:03','2022-10-17 10:16:03'),
	(392,1,'/admin/info/roles','GET','::1','','2022-10-17 10:16:07','2022-10-17 10:16:07'),
	(393,1,'/admin/info/roles/edit','GET','::1','','2022-10-17 10:16:11','2022-10-17 10:16:11'),
	(394,1,'/admin/info/roles','GET','::1','','2022-10-17 10:16:15','2022-10-17 10:16:15'),
	(395,1,'/admin/info/roles/edit','GET','::1','','2022-10-17 10:16:17','2022-10-17 10:16:17'),
	(396,1,'/admin/info/roles','GET','::1','','2022-10-17 10:16:21','2022-10-17 10:16:21'),
	(397,1,'/admin/info/manager','GET','::1','','2022-10-17 10:16:31','2022-10-17 10:16:31'),
	(398,1,'/admin/info/manager','GET','::1','','2022-10-17 10:16:31','2022-10-17 10:16:31'),
	(399,1,'/admin/info/roles','GET','::1','','2022-10-17 10:16:32','2022-10-17 10:16:32'),
	(400,1,'/admin/info/permission','GET','::1','','2022-10-17 10:16:41','2022-10-17 10:16:41'),
	(401,1,'/admin/menu','GET','::1','','2022-10-17 10:16:45','2022-10-17 10:16:45'),
	(402,1,'/admin/info/permission','GET','::1','','2022-10-17 10:16:47','2022-10-17 10:16:47'),
	(403,1,'/admin','GET','::1','','2022-10-18 01:59:55','2022-10-18 01:59:55'),
	(404,1,'/admin/info/permission','GET','::1','','2022-10-18 01:59:59','2022-10-18 01:59:59'),
	(405,1,'/admin/info/permission/new','GET','::1','','2022-10-18 02:00:08','2022-10-18 02:00:08'),
	(406,1,'/admin/info/permission','GET','::1','','2022-10-18 02:00:49','2022-10-18 02:00:49'),
	(407,1,'/admin/info/roles','GET','::1','','2022-10-18 02:01:28','2022-10-18 02:01:28'),
	(408,1,'/admin/menu','GET','::1','','2022-10-18 02:01:31','2022-10-18 02:01:31'),
	(409,1,'/admin/info/permission','GET','::1','','2022-10-18 02:01:45','2022-10-18 02:01:45'),
	(410,1,'/admin/info/roles','GET','::1','','2022-10-18 02:01:45','2022-10-18 02:01:45'),
	(411,1,'/admin/info/roles','GET','::1','','2022-10-18 02:03:30','2022-10-18 02:03:30'),
	(412,1,'/admin/info/permission','GET','::1','','2022-10-18 02:03:34','2022-10-18 02:03:34'),
	(413,1,'/admin/info/roles','GET','::1','','2022-10-18 02:03:37','2022-10-18 02:03:37'),
	(414,1,'/admin/info/roles','GET','::1','','2022-10-18 02:03:41','2022-10-18 02:03:41'),
	(415,1,'/admin/info/permission','GET','::1','','2022-10-18 02:03:43','2022-10-18 02:03:43'),
	(416,1,'/admin/info/roles','GET','::1','','2022-10-18 02:04:01','2022-10-18 02:04:01'),
	(417,1,'/admin/info/roles','GET','::1','','2022-10-18 02:04:12','2022-10-18 02:04:12'),
	(418,1,'/admin/info/roles','GET','::1','','2022-10-18 02:04:14','2022-10-18 02:04:14'),
	(419,1,'/admin/info/roles/new','GET','::1','','2022-10-18 02:04:17','2022-10-18 02:04:17'),
	(420,1,'/admin/info/roles','GET','::1','','2022-10-18 02:04:33','2022-10-18 02:04:33'),
	(421,1,'/admin/info/roles/edit','GET','::1','','2022-10-18 02:04:42','2022-10-18 02:04:42'),
	(422,1,'/admin/info/permission','GET','::1','','2022-10-18 02:04:44','2022-10-18 02:04:44'),
	(423,1,'/admin/info/roles','GET','::1','','2022-10-18 02:04:50','2022-10-18 02:04:50'),
	(424,1,'/admin/info/roles/edit','GET','::1','','2022-10-18 02:04:52','2022-10-18 02:04:52'),
	(425,1,'/admin/info/roles','GET','::1','','2022-10-18 02:05:08','2022-10-18 02:05:08'),
	(426,1,'/admin/info/roles/new','GET','::1','','2022-10-18 02:05:14','2022-10-18 02:05:14'),
	(427,1,'/admin/new/roles','POST','::1','{\"__go_admin_previous_\":[\"http://localhost/admin/info/roles/new?__page=1\\u0026__pageSize=10\\u0026__sort=id\\u0026__sort_type=desc\"],\"__go_admin_t_\":[\"2abfc8ff-8af6-41d1-9d80-46e79168611e\"],\"name\":[\"Developer\"],\"permission_id[]\":[\"1\"],\"slug\":[\"developer\"]}','2022-10-18 02:05:43','2022-10-18 02:05:43'),
	(428,1,'/admin/info/roles','GET','::1','','2022-10-18 02:05:51','2022-10-18 02:05:51'),
	(429,1,'/admin/info/permission','GET','::1','','2022-10-18 02:06:14','2022-10-18 02:06:14'),
	(430,1,'/admin/info/permission/new','GET','::1','','2022-10-18 02:06:18','2022-10-18 02:06:18'),
	(431,1,'/admin/new/permission','POST','::1','{\"__go_admin_post_result\":[\"\"],\"__go_admin_post_type\":[\"1\"],\"__go_admin_previous_\":[\"/admin/info/permission?__page=1\\u0026__pageSize=10\\u0026__sort=id\\u0026__sort_type=desc\"],\"__go_admin_t_\":[\"25aea384-6b47-43a3-a04b-fe44eb43f18f\"],\"http_method[]\":[\"GET\",\"POST\"],\"http_path\":[\"/Dashboard\"],\"id\":[\"3\"],\"name\":[\"Developer\"],\"slug\":[\"dev\"]}','2022-10-18 02:06:51','2022-10-18 02:06:51'),
	(432,1,'/admin/info/roles','GET','::1','','2022-10-18 02:07:01','2022-10-18 02:07:01'),
	(433,1,'/admin/info/roles/edit','GET','::1','','2022-10-18 02:07:04','2022-10-18 02:07:04'),
	(434,1,'/admin/info/roles','GET','::1','','2022-10-18 02:07:13','2022-10-18 02:07:13'),
	(435,1,'/admin/info/roles/edit','GET','::1','','2022-10-18 02:07:17','2022-10-18 02:07:17'),
	(436,1,'/admin/edit/roles','POST','::1','{\"__go_admin_previous_\":[\"/admin/info/roles?__page=1\\u0026__pageSize=10\\u0026__sort=id\\u0026__sort_type=desc\"],\"__go_admin_t_\":[\"81fb5733-e64b-4aa8-ab4d-dcb8c306b69c\"],\"created_at\":[\"2022-10-18 02:05:43\"],\"id\":[\"3\"],\"name\":[\"Developer\"],\"permission_id[]\":[\"1\",\"2\"],\"slug\":[\"developer\"],\"updated_at\":[\"2022-10-18 02:05:43\"]}','2022-10-18 02:07:22','2022-10-18 02:07:22'),
	(437,1,'/admin/info/permission','GET','::1','','2022-10-18 02:07:33','2022-10-18 02:07:33'),
	(438,1,'/admin/info/permission','GET','::1','','2022-10-18 02:07:35','2022-10-18 02:07:35'),
	(439,1,'/admin/info/permission','GET','::1','','2022-10-18 02:07:35','2022-10-18 02:07:35'),
	(440,1,'/admin/info/permission','GET','::1','','2022-10-18 02:08:03','2022-10-18 02:08:03'),
	(441,1,'/admin/info/permission/detail','GET','::1','','2022-10-18 02:08:13','2022-10-18 02:08:13'),
	(442,1,'/admin/info/permission','GET','::1','','2022-10-18 02:08:16','2022-10-18 02:08:16'),
	(443,1,'/admin/delete/permission','POST','::1','','2022-10-18 02:08:22','2022-10-18 02:08:22'),
	(444,1,'/admin/info/permission','GET','::1','','2022-10-18 02:08:22','2022-10-18 02:08:22'),
	(445,1,'/admin/info/roles','GET','::1','','2022-10-18 02:08:24','2022-10-18 02:08:24'),
	(446,1,'/admin/delete/roles','POST','::1','','2022-10-18 02:08:29','2022-10-18 02:08:29'),
	(447,1,'/admin/info/roles','GET','::1','','2022-10-18 02:08:29','2022-10-18 02:08:29'),
	(448,1,'/admin/info/permission','GET','::1','','2022-10-18 02:08:31','2022-10-18 02:08:31'),
	(449,1,'/admin/info/roles','GET','::1','','2022-10-18 02:08:33','2022-10-18 02:08:33'),
	(450,1,'/admin/info/permission','GET','::1','','2022-10-18 02:08:34','2022-10-18 02:08:34'),
	(451,1,'/admin/info/roles','GET','::1','','2022-10-18 02:09:05','2022-10-18 02:09:05'),
	(452,1,'/admin/info/roles','GET','::1','','2022-10-18 02:09:09','2022-10-18 02:09:09'),
	(453,1,'/admin/info/roles','GET','::1','','2022-10-18 02:09:10','2022-10-18 02:09:10'),
	(454,1,'/admin/info/roles','GET','::1','','2022-10-18 02:09:12','2022-10-18 02:09:12'),
	(455,1,'/admin/info/roles','GET','::1','','2022-10-18 02:09:13','2022-10-18 02:09:13'),
	(456,1,'/admin/info/roles','GET','::1','','2022-10-18 02:09:14','2022-10-18 02:09:14'),
	(457,1,'/admin/info/roles','GET','::1','','2022-10-18 02:09:16','2022-10-18 02:09:16'),
	(458,1,'/admin/info/permission','GET','::1','','2022-10-18 02:09:18','2022-10-18 02:09:18'),
	(459,1,'/admin/info/permission','GET','::1','','2022-10-18 02:09:20','2022-10-18 02:09:20'),
	(460,1,'/admin/info/permission','GET','::1','','2022-10-18 02:09:21','2022-10-18 02:09:21'),
	(461,1,'/admin/info/roles','GET','::1','','2022-10-18 02:09:23','2022-10-18 02:09:23'),
	(462,1,'/admin/info/permission','GET','::1','','2022-10-18 02:09:25','2022-10-18 02:09:25'),
	(463,1,'/admin/info/manager','GET','::1','','2022-10-18 02:09:26','2022-10-18 02:09:26'),
	(464,1,'/admin/info/roles','GET','::1','','2022-10-18 02:09:29','2022-10-18 02:09:29'),
	(465,1,'/admin/info/permission','GET','::1','','2022-10-18 02:09:30','2022-10-18 02:09:30'),
	(466,1,'/admin/info/roles','GET','::1','','2022-10-18 02:09:32','2022-10-18 02:09:32'),
	(467,1,'/admin/info/manager','GET','::1','','2022-10-18 02:09:33','2022-10-18 02:09:33'),
	(468,1,'/admin/info/manager/new','GET','::1','','2022-10-18 02:09:38','2022-10-18 02:09:38'),
	(469,1,'/admin/info/roles','GET','::1','','2022-10-18 02:09:45','2022-10-18 02:09:45'),
	(470,1,'/admin/info/permission','GET','::1','','2022-10-18 02:09:46','2022-10-18 02:09:46'),
	(471,1,'/admin/info/roles','GET','::1','','2022-10-18 02:09:47','2022-10-18 02:09:47'),
	(472,1,'/admin/info/permission','GET','::1','','2022-10-18 02:09:49','2022-10-18 02:09:49'),
	(473,1,'/admin/info/roles','GET','::1','','2022-10-18 02:09:54','2022-10-18 02:09:54'),
	(474,1,'/admin/info/roles/edit','GET','::1','','2022-10-18 02:09:57','2022-10-18 02:09:57'),
	(475,1,'/admin/info/permission','GET','::1','','2022-10-18 02:10:03','2022-10-18 02:10:03'),
	(476,1,'/admin/info/permission','GET','::1','','2022-10-18 02:38:53','2022-10-18 02:38:53'),
	(477,1,'/admin/info/permission','GET','::1','','2022-10-18 02:38:55','2022-10-18 02:38:55'),
	(478,1,'/admin','GET','::1','','2022-10-18 02:41:58','2022-10-18 02:41:58'),
	(479,1,'/admin','GET','::1','','2022-10-18 02:54:28','2022-10-18 02:54:28'),
	(480,1,'/admin','GET','::1','','2022-10-18 02:54:42','2022-10-18 02:54:42'),
	(481,1,'/admin','GET','::1','','2022-10-18 02:55:02','2022-10-18 02:55:02'),
	(482,1,'/admin/info/permission','GET','::1','','2022-10-18 02:55:33','2022-10-18 02:55:33'),
	(483,1,'/admin/info/roles','GET','::1','','2022-10-18 02:55:45','2022-10-18 02:55:45'),
	(484,1,'/admin/info/permission','GET','::1','','2022-10-18 02:55:46','2022-10-18 02:55:46'),
	(485,1,'/admin/info/manager','GET','::1','','2022-10-18 02:55:47','2022-10-18 02:55:47'),
	(486,1,'/admin/info/roles','GET','::1','','2022-10-18 02:55:49','2022-10-18 02:55:49'),
	(487,1,'/admin/info/manager','GET','::1','','2022-10-18 02:55:54','2022-10-18 02:55:54'),
	(488,1,'/admin/info/manager/edit','GET','::1','','2022-10-18 02:55:57','2022-10-18 02:55:57'),
	(489,1,'/admin/info/manager','GET','::1','','2022-10-18 02:56:05','2022-10-18 02:56:05'),
	(490,1,'/admin/info/manager/edit','GET','::1','','2022-10-18 02:56:07','2022-10-18 02:56:07'),
	(491,1,'/admin/info/manager','GET','::1','','2022-10-18 02:56:10','2022-10-18 02:56:10'),
	(492,1,'/admin/info/manager/edit','GET','::1','','2022-10-18 02:56:12','2022-10-18 02:56:12'),
	(493,1,'/admin/edit/manager','POST','::1','{\"__go_admin_previous_\":[\"/admin/info/manager?__page=1\\u0026__pageSize=10\\u0026__sort=id\\u0026__sort_type=desc\"],\"__go_admin_t_\":[\"42aa94dc-635e-4578-a3cf-6ca2a1c02963\"],\"avatar__change_flag\":[\"0\"],\"avatar__delete_flag\":[\"0\"],\"id\":[\"2\"],\"name\":[\"Operator\"],\"password\":[\"3484\"],\"password_again\":[\"3484\"],\"permission_id[]\":[\"2\"],\"role_id[]\":[\"2\"],\"username\":[\"operator\"]}','2022-10-18 02:56:23','2022-10-18 02:56:23'),
	(494,1,'/admin/logout','GET','::1','','2022-10-18 02:56:27','2022-10-18 02:56:27'),
	(495,2,'/admin','GET','::1','','2022-10-18 02:56:31','2022-10-18 02:56:31'),
	(496,2,'/admin/logout','GET','::1','','2022-10-18 02:57:09','2022-10-18 02:57:09'),
	(497,1,'/admin','GET','::1','','2022-10-18 02:57:13','2022-10-18 02:57:13'),
	(498,1,'/admin/info/roles','GET','::1','','2022-10-18 02:57:16','2022-10-18 02:57:16'),
	(499,1,'/admin/info/permission','GET','::1','','2022-10-18 02:57:18','2022-10-18 02:57:18'),
	(500,1,'/admin/info/permission/edit','GET','::1','','2022-10-18 02:57:26','2022-10-18 02:57:26'),
	(501,1,'/admin/info/manager','GET','::1','','2022-10-18 02:57:41','2022-10-18 02:57:41'),
	(502,1,'/admin/info/roles','GET','::1','','2022-10-18 02:57:44','2022-10-18 02:57:44'),
	(503,1,'/admin/info/roles/edit','GET','::1','','2022-10-18 02:57:48','2022-10-18 02:57:48'),
	(504,1,'/admin/info/manager','GET','::1','','2022-10-18 02:58:01','2022-10-18 02:58:01'),
	(505,1,'/admin/info/manager/edit','GET','::1','','2022-10-18 02:58:07','2022-10-18 02:58:07'),
	(506,1,'/admin/logout','GET','::1','','2022-10-18 02:58:34','2022-10-18 02:58:34'),
	(507,2,'/admin','GET','::1','','2022-10-18 02:58:38','2022-10-18 02:58:38'),
	(508,2,'/admin/logout','GET','::1','','2022-10-18 03:00:52','2022-10-18 03:00:52'),
	(509,1,'/admin','GET','::1','','2022-10-18 03:01:05','2022-10-18 03:01:05'),
	(510,1,'/admin/info/users','GET','::1','','2022-10-18 03:05:35','2022-10-18 03:05:35'),
	(511,1,'/admin/table','GET','::1','','2022-10-18 03:05:36','2022-10-18 03:05:36'),
	(512,1,'/admin/info/permission','GET','::1','','2022-10-18 03:05:53','2022-10-18 03:05:53'),
	(513,1,'/admin/info/roles','GET','::1','','2022-10-18 03:05:55','2022-10-18 03:05:55'),
	(514,1,'/admin/info/roles/edit','GET','::1','','2022-10-18 03:05:59','2022-10-18 03:05:59'),
	(515,1,'/admin/info/manager','GET','::1','','2022-10-18 03:06:02','2022-10-18 03:06:02'),
	(516,1,'/admin/info/manager/edit','GET','::1','','2022-10-18 03:06:03','2022-10-18 03:06:03'),
	(517,1,'/admin','GET','::1','','2022-10-18 03:06:07','2022-10-18 03:06:07'),
	(518,1,'/admin','GET','::1','','2022-10-18 03:06:25','2022-10-18 03:06:25'),
	(519,1,'/admin/hello','GET','::1','','2022-10-18 03:06:26','2022-10-18 03:06:26'),
	(520,1,'/admin/logout','GET','::1','','2022-10-18 03:06:30','2022-10-18 03:06:30'),
	(521,2,'/admin','GET','::1','','2022-10-18 03:06:33','2022-10-18 03:06:33'),
	(522,2,'/admin/info/users','GET','::1','','2022-10-18 03:06:38','2022-10-18 03:06:38'),
	(523,2,'/admin/hello','GET','::1','','2022-10-18 03:06:38','2022-10-18 03:06:38'),
	(524,2,'/admin','GET','::1','','2022-10-18 03:06:51','2022-10-18 03:06:51'),
	(525,2,'/admin/info/users','GET','::1','','2022-10-18 03:06:54','2022-10-18 03:06:54'),
	(526,2,'/admin/hello','GET','::1','','2022-10-18 03:06:55','2022-10-18 03:06:55'),
	(527,2,'/admin','GET','::1','','2022-10-18 03:07:52','2022-10-18 03:07:52'),
	(528,2,'/admin/table','GET','::1','','2022-10-18 03:07:54','2022-10-18 03:07:54'),
	(529,2,'/admin/info/users','GET','::1','','2022-10-18 03:07:55','2022-10-18 03:07:55'),
	(530,2,'/admin/table','GET','::1','','2022-10-18 03:07:56','2022-10-18 03:07:56'),
	(531,2,'/admin/info/users','GET','::1','','2022-10-18 03:07:57','2022-10-18 03:07:57'),
	(532,2,'/admin','GET','::1','','2022-10-18 03:07:59','2022-10-18 03:07:59'),
	(533,2,'/admin/info/users','GET','::1','','2022-10-18 03:08:02','2022-10-18 03:08:02'),
	(534,2,'/admin','GET','::1','','2022-10-18 03:08:17','2022-10-18 03:08:17'),
	(535,2,'/admin/logout','GET','::1','','2022-10-18 03:08:41','2022-10-18 03:08:41'),
	(536,1,'/admin','GET','::1','','2022-10-18 03:08:46','2022-10-18 03:08:46'),
	(537,1,'/admin/info/users','GET','::1','','2022-10-18 03:09:10','2022-10-18 03:09:10'),
	(538,1,'/admin/table','GET','::1','','2022-10-18 03:09:24','2022-10-18 03:09:24'),
	(539,1,'/admin/hello','GET','::1','','2022-10-18 03:09:33','2022-10-18 03:09:33'),
	(540,1,'/admin/table','GET','::1','','2022-10-18 03:10:00','2022-10-18 03:10:00'),
	(541,1,'/admin','GET','::1','','2022-10-18 03:10:05','2022-10-18 03:10:05'),
	(542,1,'/admin/info/roles','GET','::1','','2022-10-18 03:10:07','2022-10-18 03:10:07'),
	(543,1,'/admin/info/permission','GET','::1','','2022-10-18 03:10:08','2022-10-18 03:10:08'),
	(544,1,'/admin/menu','GET','::1','','2022-10-18 03:10:53','2022-10-18 03:10:53'),
	(545,1,'/admin/hello','GET','::1','','2022-10-18 03:11:08','2022-10-18 03:11:08'),
	(546,1,'/admin','GET','::1','','2022-10-18 03:12:14','2022-10-18 03:12:14'),
	(547,1,'/admin/logout','GET','::1','','2022-10-18 03:12:17','2022-10-18 03:12:17'),
	(548,1,'/admin','GET','::1','','2022-10-19 07:33:07','2022-10-19 07:33:07'),
	(549,1,'/admin/info/users','GET','::1','','2022-10-19 07:33:14','2022-10-19 07:33:14'),
	(550,1,'/admin','GET','::1','','2022-10-21 07:42:38','2022-10-21 07:42:38'),
	(551,1,'/admin/info/users','GET','::1','','2022-10-21 07:50:47','2022-10-21 07:50:47'),
	(552,1,'/admin/table','GET','::1','','2022-10-21 07:50:47','2022-10-21 07:50:47'),
	(553,1,'/admin/menu','GET','::1','','2022-10-21 07:50:51','2022-10-21 07:50:51'),
	(554,1,'/admin/menu/edit/show','GET','::1','','2022-10-21 07:52:34','2022-10-21 07:52:34'),
	(555,1,'/admin/menu/edit','POST','::1','{\"__go_admin_previous_\":[\"/admin/menu\"],\"__go_admin_t_\":[\"d4150f87-9cdf-428a-96dd-707b7417a7f2\"],\"created_at\":[\"2022-09-02 06:45:58\"],\"header\":[\"tables\"],\"icon\":[\"fa-bars\"],\"id\":[\"9\"],\"parent_id\":[\"0\"],\"plugin_name\":[\"\"],\"roles[]\":[\"2\"],\"title\":[\"게임별 상세\"],\"updated_at\":[\"2022-09-02 06:45:58\"],\"uri\":[\"\"]}','2022-10-21 07:53:38','2022-10-21 07:53:38'),
	(556,1,'/admin/menu','GET','::1','','2022-10-21 07:53:41','2022-10-21 07:53:41'),
	(557,1,'/admin/menu/edit/show','GET','::1','','2022-10-21 07:53:53','2022-10-21 07:53:53'),
	(558,1,'/admin/menu/edit','POST','::1','{\"__go_admin_previous_\":[\"/admin/menu\"],\"__go_admin_t_\":[\"a900e3e5-bfe8-4f98-8897-945a394d0232\"],\"created_at\":[\"2022-10-14 07:52:13\"],\"header\":[\"html\"],\"icon\":[\"fa-header\"],\"id\":[\"12\"],\"parent_id\":[\"0\"],\"plugin_name\":[\"\"],\"roles[]\":[\"1\"],\"title\":[\"Hello\"],\"updated_at\":[\"2022-10-14 16:53:14\"],\"uri\":[\"/hello\"]}','2022-10-21 07:54:04','2022-10-21 07:54:04'),
	(559,1,'/admin/menu','GET','::1','','2022-10-21 07:54:05','2022-10-21 07:54:05'),
	(560,1,'/admin/menu/edit/show','GET','::1','','2022-10-21 07:54:13','2022-10-21 07:54:13'),
	(561,1,'/admin/menu/edit','POST','::1','{\"__go_admin_previous_\":[\"/admin/menu\"],\"__go_admin_t_\":[\"532744a7-f2c7-4610-bc50-23d24555d8f3\"],\"created_at\":[\"2022-09-02 06:45:58\"],\"header\":[\"\"],\"icon\":[\"fa-bars\"],\"id\":[\"9\"],\"parent_id\":[\"0\"],\"plugin_name\":[\"\"],\"roles[]\":[\"2\"],\"title\":[\"게임별 상세\"],\"updated_at\":[\"2022-10-21 16:53:38\"],\"uri\":[\"\"]}','2022-10-21 07:54:22','2022-10-21 07:54:22'),
	(562,1,'/admin/menu','GET','::1','','2022-10-21 07:54:23','2022-10-21 07:54:23'),
	(563,1,'/admin/menu/edit/show','GET','::1','','2022-10-21 07:54:28','2022-10-21 07:54:28'),
	(564,1,'/admin/info/users','GET','::1','','2022-10-21 07:54:37','2022-10-21 07:54:37'),
	(565,1,'/admin/menu','GET','::1','','2022-10-21 07:54:39','2022-10-21 07:54:39'),
	(566,1,'/admin/menu/edit/show','GET','::1','','2022-10-21 07:54:41','2022-10-21 07:54:41'),
	(567,1,'/admin/menu','GET','::1','','2022-10-21 07:54:44','2022-10-21 07:54:44'),
	(568,1,'/admin/menu/edit/show','GET','::1','','2022-10-21 07:54:52','2022-10-21 07:54:52'),
	(569,1,'/admin/menu/edit','POST','::1','{\"__go_admin_previous_\":[\"/admin/menu\"],\"__go_admin_t_\":[\"478d3e21-c052-4899-a2e5-7e0488afad02\"],\"created_at\":[\"2022-09-02 07:18:59\"],\"header\":[\"tables\"],\"icon\":[\"fa-gamepad\"],\"id\":[\"11\"],\"parent_id\":[\"9\"],\"plugin_name\":[\"\"],\"roles[]\":[\"2\"],\"title\":[\"프린세스테일\"],\"updated_at\":[\"2022-09-02 18:00:29\"],\"uri\":[\"/table\"]}','2022-10-21 07:55:12','2022-10-21 07:55:12'),
	(570,1,'/admin/menu','GET','::1','','2022-10-21 07:55:13','2022-10-21 07:55:13'),
	(571,1,'/admin/menu/edit/show','GET','::1','','2022-10-21 07:55:22','2022-10-21 07:55:22'),
	(572,1,'/admin/menu/edit','POST','::1','{\"__go_admin_previous_\":[\"/admin/menu\"],\"__go_admin_t_\":[\"45bce779-58d5-4dd7-ad45-b9b2f9a97acc\"],\"created_at\":[\"2022-09-02 07:18:59\"],\"header\":[\"\"],\"icon\":[\"fa-gamepad\"],\"id\":[\"11\"],\"parent_id\":[\"9\"],\"plugin_name\":[\"\"],\"roles[]\":[\"2\"],\"title\":[\"프린세스테일\"],\"updated_at\":[\"2022-10-21 16:55:12\"],\"uri\":[\"/table\"]}','2022-10-21 07:55:26','2022-10-21 07:55:26'),
	(573,1,'/admin/menu','GET','::1','','2022-10-21 07:55:26','2022-10-21 07:55:26'),
	(574,1,'/admin/menu','GET','::1','','2022-10-21 07:55:27','2022-10-21 07:55:27'),
	(575,1,'/admin/menu','GET','::1','','2022-10-21 07:55:28','2022-10-21 07:55:28'),
	(576,1,'/admin/menu/edit/show','GET','::1','','2022-10-21 07:55:33','2022-10-21 07:55:33'),
	(577,1,'/admin/menu/edit','POST','::1','{\"__go_admin_previous_\":[\"/admin/menu\"],\"__go_admin_t_\":[\"67b61016-3d17-4915-afcd-536b69a4a8ca\"],\"created_at\":[\"2022-09-02 06:45:58\"],\"header\":[\"Gamepub tables\"],\"icon\":[\"fa-bars\"],\"id\":[\"9\"],\"parent_id\":[\"0\"],\"plugin_name\":[\"\"],\"roles[]\":[\"2\"],\"title\":[\"게임별 상세\"],\"updated_at\":[\"2022-10-21 16:54:21\"],\"uri\":[\"\"]}','2022-10-21 07:55:57','2022-10-21 07:55:57'),
	(578,1,'/admin/menu','GET','::1','','2022-10-21 07:55:59','2022-10-21 07:55:59'),
	(579,1,'/admin/menu','GET','::1','','2022-10-21 07:56:00','2022-10-21 07:56:00'),
	(580,1,'/admin/menu','GET','::1','','2022-10-21 07:56:01','2022-10-21 07:56:01'),
	(581,1,'/admin/menu/edit/show','GET','::1','','2022-10-21 07:56:18','2022-10-21 07:56:18'),
	(582,1,'/admin/menu/edit','POST','::1','{\"__go_admin_previous_\":[\"/admin/menu\"],\"__go_admin_t_\":[\"5f80fa15-768f-46ed-989c-7e241aa360d4\"],\"created_at\":[\"2022-09-02 06:45:58\"],\"header\":[\"\"],\"icon\":[\"fa-bars\"],\"id\":[\"9\"],\"parent_id\":[\"0\"],\"plugin_name\":[\"\"],\"roles[]\":[\"2\"],\"title\":[\"게임별 상세\"],\"updated_at\":[\"2022-10-21 16:55:57\"],\"uri\":[\"\"]}','2022-10-21 07:56:21','2022-10-21 07:56:21'),
	(583,1,'/admin/menu/edit/show','GET','::1','','2022-10-21 07:56:23','2022-10-21 07:56:23'),
	(584,1,'/admin/menu','GET','::1','','2022-10-21 07:56:28','2022-10-21 07:56:28'),
	(585,1,'/admin/menu/edit/show','GET','::1','','2022-10-21 07:56:31','2022-10-21 07:56:31'),
	(586,1,'/admin/menu','GET','::1','','2022-10-21 07:56:33','2022-10-21 07:56:33'),
	(587,1,'/admin/table','GET','::1','','2022-10-21 08:06:48','2022-10-21 08:06:48'),
	(588,1,'/admin/menu','GET','::1','','2022-10-21 08:07:29','2022-10-21 08:07:29'),
	(589,1,'/admin/menu/new','POST','::1','{\"__go_admin_previous_\":[\"/admin/menu\"],\"__go_admin_t_\":[\"fb74cd00-818e-4f9e-83eb-5983552d5b01\"],\"header\":[\"tables\"],\"icon\":[\"fa-user\"],\"parent_id\":[\"0\"],\"plugin_name\":[\"\"],\"roles[]\":[\"1\"],\"title\":[\"Users\"],\"uri\":[\"/info/users\"]}','2022-10-21 08:09:19','2022-10-21 08:09:19'),
	(590,1,'/admin/menu/order','POST','::1','','2022-10-21 08:09:49','2022-10-21 08:09:49'),
	(591,1,'/admin/menu','GET','::1','','2022-10-21 08:09:49','2022-10-21 08:09:49'),
	(592,1,'/admin/menu','GET','::1','','2022-10-21 08:09:51','2022-10-21 08:09:51'),
	(593,1,'/admin/info/users','GET','::1','','2022-10-21 08:09:58','2022-10-21 08:09:58'),
	(594,1,'/admin/hello','GET','::1','','2022-10-21 08:10:00','2022-10-21 08:10:00'),
	(595,1,'/admin/info/users','GET','::1','','2022-10-21 08:10:01','2022-10-21 08:10:01'),
	(596,1,'/admin/hello','GET','::1','','2022-10-21 08:10:35','2022-10-21 08:10:35'),
	(597,1,'/admin/menu','GET','::1','','2022-10-21 08:10:59','2022-10-21 08:10:59'),
	(598,1,'/admin/menu/new','POST','::1','{\"__go_admin_previous_\":[\"/admin/menu\"],\"__go_admin_t_\":[\"beaf0c73-ab74-4ca4-89be-11d4be1716cd\"],\"header\":[\"tables2\"],\"icon\":[\"fa-bars\"],\"parent_id\":[\"0\"],\"plugin_name\":[\"\"],\"roles[]\":[\"1\"],\"title\":[\"Posts\"],\"uri\":[\"/info/posts\"]}','2022-10-21 08:11:31','2022-10-21 08:11:31'),
	(599,1,'/admin/menu/order','POST','::1','','2022-10-21 08:11:38','2022-10-21 08:11:38'),
	(600,1,'/admin/menu','GET','::1','','2022-10-21 08:11:38','2022-10-21 08:11:38'),
	(601,1,'/admin/menu','GET','::1','','2022-10-21 08:11:39','2022-10-21 08:11:39'),
	(602,1,'/admin/menu','GET','::1','','2022-10-21 08:11:41','2022-10-21 08:11:41'),
	(603,1,'/admin/menu/order','POST','::1','','2022-10-21 08:11:47','2022-10-21 08:11:47'),
	(604,1,'/admin/menu','GET','::1','','2022-10-21 08:11:47','2022-10-21 08:11:47'),
	(605,1,'/admin/menu','GET','::1','','2022-10-21 08:11:48','2022-10-21 08:11:48'),
	(606,1,'/admin/menu/edit/show','GET','::1','','2022-10-21 08:11:53','2022-10-21 08:11:53'),
	(607,1,'/admin/menu','GET','::1','','2022-10-21 08:11:57','2022-10-21 08:11:57'),
	(608,1,'/admin/menu/edit/show','GET','::1','','2022-10-21 08:12:00','2022-10-21 08:12:00'),
	(609,1,'/admin/menu/edit','POST','::1','{\"__go_admin_previous_\":[\"/admin/menu\"],\"__go_admin_t_\":[\"e4cfa69e-286f-43cb-9aa7-536daa266d84\"],\"created_at\":[\"2022-10-21 08:11:31\"],\"header\":[\"\"],\"icon\":[\"fa-bars\"],\"id\":[\"14\"],\"parent_id\":[\"0\"],\"plugin_name\":[\"\"],\"roles[]\":[\"1\"],\"title\":[\"Posts\"],\"updated_at\":[\"2022-10-21 08:11:31\"],\"uri\":[\"/info/posts\"]}','2022-10-21 08:12:03','2022-10-21 08:12:03'),
	(610,1,'/admin/menu/order','POST','::1','','2022-10-21 08:12:05','2022-10-21 08:12:05'),
	(611,1,'/admin/menu','GET','::1','','2022-10-21 08:12:05','2022-10-21 08:12:05'),
	(612,1,'/admin/menu','GET','::1','','2022-10-21 08:12:08','2022-10-21 08:12:08'),
	(613,1,'/admin/info/users','GET','::1','','2022-10-21 08:12:11','2022-10-21 08:12:11'),
	(614,1,'/admin/info/posts','GET','::1','','2022-10-21 08:12:12','2022-10-21 08:12:12'),
	(615,1,'/admin/menu','GET','::1','','2022-10-21 08:12:23','2022-10-21 08:12:23'),
	(616,1,'/admin/menu/edit/show','GET','::1','','2022-10-21 08:12:31','2022-10-21 08:12:31'),
	(617,1,'/admin/menu/edit','POST','::1','{\"__go_admin_previous_\":[\"/admin/menu\"],\"__go_admin_t_\":[\"394092cf-d6e3-451a-831a-a7eae97afb26\"],\"created_at\":[\"2022-10-21 08:11:31\"],\"header\":[\"\"],\"icon\":[\"fa-book\"],\"id\":[\"14\"],\"parent_id\":[\"0\"],\"plugin_name\":[\"\"],\"roles[]\":[\"1\"],\"title\":[\"Posts\"],\"updated_at\":[\"2022-10-21 17:12:03\"],\"uri\":[\"/info/posts\"]}','2022-10-21 08:12:39','2022-10-21 08:12:39'),
	(618,1,'/admin/menu/order','POST','::1','','2022-10-21 08:12:41','2022-10-21 08:12:41'),
	(619,1,'/admin/menu','GET','::1','','2022-10-21 08:12:41','2022-10-21 08:12:41'),
	(620,1,'/admin/menu','GET','::1','','2022-10-21 08:12:42','2022-10-21 08:12:42'),
	(621,1,'/admin/menu/new','POST','::1','{\"__go_admin_previous_\":[\"/admin/menu\"],\"__go_admin_t_\":[\"21549a19-70e2-4a77-a810-dd7e18e187ee\"],\"header\":[\"\"],\"icon\":[\"fa-user-secret\"],\"parent_id\":[\"0\"],\"plugin_name\":[\"\"],\"title\":[\"Authors\"],\"uri\":[\"\"]}','2022-10-21 08:14:13','2022-10-21 08:14:13'),
	(622,1,'/admin/menu/edit/show','GET','::1','','2022-10-21 08:14:17','2022-10-21 08:14:17'),
	(623,1,'/admin/menu/edit','POST','::1','{\"__go_admin_previous_\":[\"/admin/menu\"],\"__go_admin_t_\":[\"5bf684c1-9196-49ad-b936-51f815c26ded\"],\"created_at\":[\"2022-10-21 08:14:13\"],\"header\":[\"\"],\"icon\":[\"fa-user-secret\"],\"id\":[\"15\"],\"parent_id\":[\"0\"],\"plugin_name\":[\"\"],\"roles[]\":[\"1\"],\"title\":[\"Authors\"],\"updated_at\":[\"2022-10-21 08:14:13\"],\"uri\":[\"/info/authors\"]}','2022-10-21 08:14:44','2022-10-21 08:14:44'),
	(624,1,'/admin/menu/order','POST','::1','','2022-10-21 08:15:25','2022-10-21 08:15:25'),
	(625,1,'/admin/menu','GET','::1','','2022-10-21 08:15:25','2022-10-21 08:15:25'),
	(626,1,'/admin/menu','GET','::1','','2022-10-21 08:15:26','2022-10-21 08:15:26'),
	(627,1,'/admin/menu/order','POST','::1','','2022-10-21 08:15:32','2022-10-21 08:15:32'),
	(628,1,'/admin/menu','GET','::1','','2022-10-21 08:15:32','2022-10-21 08:15:32'),
	(629,1,'/admin/menu','GET','::1','','2022-10-21 08:15:33','2022-10-21 08:15:33'),
	(630,1,'/admin/info/authors','GET','::1','','2022-10-21 08:15:34','2022-10-21 08:15:34'),
	(631,1,'/admin/menu','GET','::1','','2022-10-21 08:15:37','2022-10-21 08:15:37'),
	(632,1,'/admin/menu/edit/show','GET','::1','','2022-10-21 08:15:54','2022-10-21 08:15:54'),
	(633,1,'/admin/menu','GET','::1','','2022-10-21 08:15:58','2022-10-21 08:15:58'),
	(634,1,'/admin/menu/new','POST','::1','{\"__go_admin_previous_\":[\"/admin/menu\"],\"__go_admin_t_\":[\"21b42c4f-876d-47ac-8cc5-4ccc8ced5140\"],\"header\":[\"\"],\"icon\":[\"fa-database\"],\"parent_id\":[\"0\"],\"plugin_name\":[\"\"],\"title\":[\"External\"],\"uri\":[\"\"]}','2022-10-21 08:16:17','2022-10-21 08:16:17'),
	(635,1,'/admin/menu/edit/show','GET','::1','','2022-10-21 08:16:28','2022-10-21 08:16:28'),
	(636,1,'/admin/menu/edit','POST','::1','{\"__go_admin_previous_\":[\"/admin/menu\"],\"__go_admin_t_\":[\"95d6bce5-b37b-4c04-9595-75051cd08fab\"],\"created_at\":[\"2022-10-21 08:16:17\"],\"header\":[\"\"],\"icon\":[\"fa-database\"],\"id\":[\"16\"],\"parent_id\":[\"0\"],\"plugin_name\":[\"\"],\"roles[]\":[\"1\"],\"title\":[\"External\"],\"updated_at\":[\"2022-10-21 08:16:17\"],\"uri\":[\"/info/external\"]}','2022-10-21 08:16:38','2022-10-21 08:16:38'),
	(637,1,'/admin/menu/order','POST','::1','','2022-10-21 08:16:42','2022-10-21 08:16:42'),
	(638,1,'/admin/menu','GET','::1','','2022-10-21 08:16:42','2022-10-21 08:16:42'),
	(639,1,'/admin/menu','GET','::1','','2022-10-21 08:16:43','2022-10-21 08:16:43'),
	(640,1,'/admin/menu/order','POST','::1','','2022-10-21 08:16:59','2022-10-21 08:16:59'),
	(641,1,'/admin/menu','GET','::1','','2022-10-21 08:16:59','2022-10-21 08:16:59'),
	(642,1,'/admin/menu','GET','::1','','2022-10-21 08:17:00','2022-10-21 08:17:00'),
	(643,1,'/admin/menu','GET','::1','','2022-10-21 08:17:21','2022-10-21 08:17:21'),
	(644,1,'/admin/menu/new','POST','::1','{\"__go_admin_previous_\":[\"/admin/menu\"],\"__go_admin_t_\":[\"816a7132-e1e3-419d-ad31-96789b186d60\"],\"header\":[\"Components\"],\"icon\":[\"fa-bars\"],\"parent_id\":[\"0\"],\"plugin_name\":[\"\"],\"roles[]\":[\"1\"],\"title\":[\"Form\"],\"uri\":[\"/form\"]}','2022-10-21 08:18:01','2022-10-21 08:18:01'),
	(645,1,'/admin/menu/order','POST','::1','','2022-10-21 08:18:05','2022-10-21 08:18:05'),
	(646,1,'/admin/menu','GET','::1','','2022-10-21 08:18:05','2022-10-21 08:18:05'),
	(647,1,'/admin/menu','GET','::1','','2022-10-21 08:18:05','2022-10-21 08:18:05'),
	(648,1,'/admin/menu/new','POST','::1','{\"__go_admin_previous_\":[\"/admin/menu\"],\"__go_admin_t_\":[\"2743f83e-0512-44eb-bba0-6ae589272514\"],\"header\":[\"\"],\"icon\":[\"fa-amazon\"],\"parent_id\":[\"0\"],\"plugin_name\":[\"\"],\"roles[]\":[\"1\"],\"title\":[\"Stat\"],\"uri\":[\"/stat\"]}','2022-10-21 08:22:47','2022-10-21 08:22:47'),
	(649,1,'/admin/menu/order','POST','::1','','2022-10-21 08:22:56','2022-10-21 08:22:56'),
	(650,1,'/admin/menu','GET','::1','','2022-10-21 08:22:56','2022-10-21 08:22:56'),
	(651,1,'/admin/menu','GET','::1','','2022-10-21 08:22:57','2022-10-21 08:22:57'),
	(652,1,'/admin/info/external','GET','::1','','2022-10-21 08:23:10','2022-10-21 08:23:10'),
	(653,1,'/admin/menu','GET','::1','','2022-10-21 08:23:12','2022-10-21 08:23:12'),
	(654,1,'/admin/info/external','GET','::1','','2022-10-21 08:23:21','2022-10-21 08:23:21'),
	(655,1,'/admin/menu','GET','::1','','2022-10-21 08:24:18','2022-10-21 08:24:18'),
	(656,1,'/admin/menu','GET','::1','','2022-10-21 08:53:00','2022-10-21 08:53:00'),
	(657,1,'/admin/info/users','GET','::1','','2022-10-21 08:53:02','2022-10-21 08:53:02'),
	(658,1,'/admin/info/posts','GET','::1','','2022-10-21 08:53:03','2022-10-21 08:53:03'),
	(659,1,'/admin/info/authors','GET','::1','','2022-10-21 08:53:04','2022-10-21 08:53:04'),
	(660,1,'/admin/info/posts','GET','::1','','2022-10-21 08:53:06','2022-10-21 08:53:06'),
	(661,1,'/admin/menu','GET','::1','','2022-10-21 08:53:10','2022-10-21 08:53:10'),
	(662,1,'/admin/menu','GET','::1','','2022-10-21 08:53:12','2022-10-21 08:53:12'),
	(663,1,'/admin/menu/order','POST','::1','','2022-10-21 08:53:13','2022-10-21 08:53:13'),
	(664,1,'/admin/menu','GET','::1','','2022-10-21 08:53:13','2022-10-21 08:53:13'),
	(665,1,'/admin/menu','GET','::1','','2022-10-21 08:53:14','2022-10-21 08:53:14'),
	(666,1,'/admin/info/posts','GET','::1','','2022-10-21 08:53:15','2022-10-21 08:53:15'),
	(667,1,'/admin/info/authors','GET','::1','','2022-10-21 08:53:16','2022-10-21 08:53:16'),
	(668,1,'/admin/info/external','GET','::1','','2022-10-21 08:53:17','2022-10-21 08:53:17'),
	(669,1,'/admin/info/external','GET','::1','','2022-10-21 09:01:50','2022-10-21 09:01:50'),
	(670,1,'/admin/info/external','GET','::1','','2022-10-21 09:02:03','2022-10-21 09:02:03'),
	(671,1,'/admin/info/authors','GET','::1','','2022-10-21 09:02:04','2022-10-21 09:02:04'),
	(672,1,'/admin/info/posts','GET','::1','','2022-10-21 09:02:06','2022-10-21 09:02:06'),
	(673,1,'/admin/info/users','GET','::1','','2022-10-21 09:02:07','2022-10-21 09:02:07'),
	(674,1,'/admin/info/authors','GET','::1','','2022-10-21 09:02:09','2022-10-21 09:02:09'),
	(675,1,'/admin/info/external','GET','::1','','2022-10-21 09:02:26','2022-10-21 09:02:26'),
	(676,1,'/admin/info/posts','GET','::1','','2022-10-21 09:02:28','2022-10-21 09:02:28'),
	(677,1,'/admin/info/users','GET','::1','','2022-10-21 09:09:15','2022-10-21 09:09:15'),
	(678,1,'/admin/info/external','GET','::1','','2022-10-21 09:09:18','2022-10-21 09:09:18'),
	(679,1,'/admin/info/authors','GET','::1','','2022-10-21 09:09:21','2022-10-21 09:09:21'),
	(680,1,'/admin/info/posts','GET','::1','','2022-10-21 09:09:23','2022-10-21 09:09:23'),
	(681,1,'/admin/info/users','GET','::1','','2022-10-21 09:09:24','2022-10-21 09:09:24'),
	(682,1,'/admin/info/external','GET','::1','','2022-10-21 09:09:31','2022-10-21 09:09:31'),
	(683,1,'/admin/info/users','GET','::1','','2022-10-21 09:10:29','2022-10-21 09:10:29'),
	(684,1,'/admin/info/users','GET','::1','','2022-10-21 09:10:46','2022-10-21 09:10:46'),
	(685,1,'/admin/info/users','GET','::1','','2022-10-21 09:13:02','2022-10-21 09:13:02'),
	(686,1,'/admin/info/users','GET','::1','','2022-10-21 09:13:09','2022-10-21 09:13:09'),
	(687,1,'/admin/info/users','GET','::1','','2022-10-21 09:13:12','2022-10-21 09:13:12'),
	(688,1,'/admin/info/users','GET','::1','','2022-10-21 09:13:14','2022-10-21 09:13:14'),
	(689,1,'/admin','GET','::1','','2022-10-21 09:17:45','2022-10-21 09:17:45'),
	(690,1,'/admin/hello','GET','::1','','2022-10-21 09:17:51','2022-10-21 09:17:51'),
	(691,1,'/admin/info/users','GET','::1','','2022-10-21 09:18:10','2022-10-21 09:18:10'),
	(692,1,'/admin/info/posts','GET','::1','','2022-10-21 09:18:52','2022-10-21 09:18:52'),
	(693,1,'/admin/info/authors','GET','::1','','2022-10-21 09:18:53','2022-10-21 09:18:53'),
	(694,1,'/admin/info/external','GET','::1','','2022-10-21 09:18:54','2022-10-21 09:18:54'),
	(695,1,'/admin/info/authors','GET','::1','','2022-10-21 09:18:55','2022-10-21 09:18:55'),
	(696,1,'/admin/info/posts','GET','::1','','2022-10-21 09:18:56','2022-10-21 09:18:56'),
	(697,1,'/admin/info/roles','GET','::1','','2022-10-21 09:18:57','2022-10-21 09:18:57'),
	(698,1,'/admin/info/manager','GET','::1','','2022-10-21 09:18:58','2022-10-21 09:18:58'),
	(699,1,'/admin/info/permission','GET','::1','','2022-10-21 09:18:59','2022-10-21 09:18:59'),
	(700,1,'/admin/info/users','GET','::1','','2022-10-21 09:19:00','2022-10-21 09:19:00'),
	(701,1,'/admin','GET','::1','','2022-10-21 09:22:12','2022-10-21 09:22:12'),
	(702,1,'/admin/info/users','GET','::1','','2022-10-21 09:29:43','2022-10-21 09:29:43');

/*!40000 ALTER TABLE `goadmin_operation_log` ENABLE KEYS */;
UNLOCK TABLES;


# Dump of table goadmin_permissions
# ------------------------------------------------------------

DROP TABLE IF EXISTS `goadmin_permissions`;

CREATE TABLE `goadmin_permissions` (
  `id` int(10) unsigned NOT NULL AUTO_INCREMENT,
  `name` varchar(50) COLLATE utf8mb4_unicode_ci NOT NULL,
  `slug` varchar(50) COLLATE utf8mb4_unicode_ci NOT NULL,
  `http_method` varchar(255) COLLATE utf8mb4_unicode_ci DEFAULT NULL,
  `http_path` text COLLATE utf8mb4_unicode_ci NOT NULL,
  `created_at` timestamp NULL DEFAULT CURRENT_TIMESTAMP,
  `updated_at` timestamp NULL DEFAULT CURRENT_TIMESTAMP,
  PRIMARY KEY (`id`),
  UNIQUE KEY `admin_permissions_name_unique` (`name`)
) ENGINE=InnoDB DEFAULT CHARSET=utf8mb4 COLLATE=utf8mb4_unicode_ci;

LOCK TABLES `goadmin_permissions` WRITE;
/*!40000 ALTER TABLE `goadmin_permissions` DISABLE KEYS */;

INSERT INTO `goadmin_permissions` (`id`, `name`, `slug`, `http_method`, `http_path`, `created_at`, `updated_at`)
VALUES
	(1,'All permission','*','','*','2019-09-10 00:00:00','2019-09-10 00:00:00'),
	(2,'Dashboard','dashboard','GET,PUT,POST,DELETE','/','2019-09-10 00:00:00','2019-09-10 00:00:00');

/*!40000 ALTER TABLE `goadmin_permissions` ENABLE KEYS */;
UNLOCK TABLES;


# Dump of table goadmin_role_menu
# ------------------------------------------------------------

DROP TABLE IF EXISTS `goadmin_role_menu`;

CREATE TABLE `goadmin_role_menu` (
  `role_id` int(11) unsigned NOT NULL,
  `menu_id` int(11) unsigned NOT NULL,
  `created_at` timestamp NULL DEFAULT CURRENT_TIMESTAMP,
  `updated_at` timestamp NULL DEFAULT CURRENT_TIMESTAMP,
  KEY `admin_role_menu_role_id_menu_id_index` (`role_id`,`menu_id`)
) ENGINE=InnoDB DEFAULT CHARSET=utf8mb4 COLLATE=utf8mb4_unicode_ci;

LOCK TABLES `goadmin_role_menu` WRITE;
/*!40000 ALTER TABLE `goadmin_role_menu` DISABLE KEYS */;

INSERT INTO `goadmin_role_menu` (`role_id`, `menu_id`, `created_at`, `updated_at`)
VALUES
	(1,1,'2019-09-10 00:00:00','2019-09-10 00:00:00'),
	(1,7,'2019-09-10 00:00:00','2019-09-10 00:00:00'),
	(2,7,'2019-09-10 00:00:00','2019-09-10 00:00:00'),
	(2,10,'2022-09-02 08:58:51','2022-09-02 08:58:51'),
	(1,12,'2022-10-21 07:54:04','2022-10-21 07:54:04'),
	(2,11,'2022-10-21 07:55:26','2022-10-21 07:55:26'),
	(2,9,'2022-10-21 07:56:21','2022-10-21 07:56:21'),
	(1,13,'2022-10-21 08:09:19','2022-10-21 08:09:19'),
	(1,14,'2022-10-21 08:12:39','2022-10-21 08:12:39'),
	(1,15,'2022-10-21 08:14:44','2022-10-21 08:14:44'),
	(1,16,'2022-10-21 08:16:38','2022-10-21 08:16:38'),
	(1,17,'2022-10-21 08:18:01','2022-10-21 08:18:01'),
	(1,18,'2022-10-21 08:22:47','2022-10-21 08:22:47');

/*!40000 ALTER TABLE `goadmin_role_menu` ENABLE KEYS */;
UNLOCK TABLES;


# Dump of table goadmin_role_permissions
# ------------------------------------------------------------

DROP TABLE IF EXISTS `goadmin_role_permissions`;

CREATE TABLE `goadmin_role_permissions` (
  `role_id` int(11) unsigned NOT NULL,
  `permission_id` int(11) unsigned NOT NULL,
  `created_at` timestamp NULL DEFAULT CURRENT_TIMESTAMP,
  `updated_at` timestamp NULL DEFAULT CURRENT_TIMESTAMP,
  UNIQUE KEY `admin_role_permissions` (`role_id`,`permission_id`)
) ENGINE=InnoDB DEFAULT CHARSET=utf8mb4 COLLATE=utf8mb4_unicode_ci;

LOCK TABLES `goadmin_role_permissions` WRITE;
/*!40000 ALTER TABLE `goadmin_role_permissions` DISABLE KEYS */;

INSERT INTO `goadmin_role_permissions` (`role_id`, `permission_id`, `created_at`, `updated_at`)
VALUES
	(1,1,'2019-09-10 00:00:00','2019-09-10 00:00:00'),
	(1,2,'2019-09-10 00:00:00','2019-09-10 00:00:00'),
	(2,2,'2019-09-10 00:00:00','2019-09-10 00:00:00');

/*!40000 ALTER TABLE `goadmin_role_permissions` ENABLE KEYS */;
UNLOCK TABLES;


# Dump of table goadmin_role_users
# ------------------------------------------------------------

DROP TABLE IF EXISTS `goadmin_role_users`;

CREATE TABLE `goadmin_role_users` (
  `role_id` int(11) unsigned NOT NULL,
  `user_id` int(11) unsigned NOT NULL,
  `created_at` timestamp NULL DEFAULT CURRENT_TIMESTAMP,
  `updated_at` timestamp NULL DEFAULT CURRENT_TIMESTAMP,
  UNIQUE KEY `admin_user_roles` (`role_id`,`user_id`)
) ENGINE=InnoDB DEFAULT CHARSET=utf8mb4 COLLATE=utf8mb4_unicode_ci;

LOCK TABLES `goadmin_role_users` WRITE;
/*!40000 ALTER TABLE `goadmin_role_users` DISABLE KEYS */;

INSERT INTO `goadmin_role_users` (`role_id`, `user_id`, `created_at`, `updated_at`)
VALUES
	(1,1,'2019-09-10 00:00:00','2019-09-10 00:00:00'),
	(2,2,'2022-10-18 02:56:23','2022-10-18 02:56:23');

/*!40000 ALTER TABLE `goadmin_role_users` ENABLE KEYS */;
UNLOCK TABLES;


# Dump of table goadmin_roles
# ------------------------------------------------------------

DROP TABLE IF EXISTS `goadmin_roles`;

CREATE TABLE `goadmin_roles` (
  `id` int(10) unsigned NOT NULL AUTO_INCREMENT,
  `name` varchar(50) COLLATE utf8mb4_unicode_ci NOT NULL,
  `slug` varchar(50) COLLATE utf8mb4_unicode_ci NOT NULL,
  `created_at` timestamp NULL DEFAULT CURRENT_TIMESTAMP,
  `updated_at` timestamp NULL DEFAULT CURRENT_TIMESTAMP,
  PRIMARY KEY (`id`),
  UNIQUE KEY `admin_roles_name_unique` (`name`)
) ENGINE=InnoDB DEFAULT CHARSET=utf8mb4 COLLATE=utf8mb4_unicode_ci;

LOCK TABLES `goadmin_roles` WRITE;
/*!40000 ALTER TABLE `goadmin_roles` DISABLE KEYS */;

INSERT INTO `goadmin_roles` (`id`, `name`, `slug`, `created_at`, `updated_at`)
VALUES
	(1,'Administrator','administrator','2019-09-10 00:00:00','2019-09-10 00:00:00'),
	(2,'Operator','operator','2019-09-10 00:00:00','2019-09-10 00:00:00');

/*!40000 ALTER TABLE `goadmin_roles` ENABLE KEYS */;
UNLOCK TABLES;


# Dump of table goadmin_session
# ------------------------------------------------------------

DROP TABLE IF EXISTS `goadmin_session`;

CREATE TABLE `goadmin_session` (
  `id` int(11) unsigned NOT NULL AUTO_INCREMENT,
  `sid` varchar(50) CHARACTER SET utf8mb4 COLLATE utf8mb4_unicode_ci NOT NULL DEFAULT '',
  `values` varchar(3000) CHARACTER SET utf8mb4 COLLATE utf8mb4_unicode_ci NOT NULL DEFAULT '',
  `created_at` timestamp NULL DEFAULT CURRENT_TIMESTAMP,
  `updated_at` timestamp NULL DEFAULT CURRENT_TIMESTAMP,
  PRIMARY KEY (`id`)
) ENGINE=InnoDB DEFAULT CHARSET=utf8mb4;

LOCK TABLES `goadmin_session` WRITE;
/*!40000 ALTER TABLE `goadmin_session` DISABLE KEYS */;

INSERT INTO `goadmin_session` (`id`, `sid`, `values`, `created_at`, `updated_at`)
VALUES
	(174,'2e173ffb-e63b-4363-9674-d6b9bcafd561','{\"user_id\":1}','2022-10-21 07:42:33','2022-10-21 07:42:33'),
	(175,'ceba25c9-590a-4ae9-8807-ff388f5649e6','__csrf_token__','2022-10-21 07:50:51','2022-10-21 07:50:51'),
	(177,'70f47abf-da12-4c85-8c29-31d36f333c9d','__csrf_token__','2022-10-21 07:53:38','2022-10-21 07:53:38'),
	(178,'16ad931a-0050-4d78-9810-0fdb7d36d555','__csrf_token__','2022-10-21 07:53:41','2022-10-21 07:53:41'),
	(180,'0b51e74c-1e53-4f20-a9cd-aea7bc90f0a4','__csrf_token__','2022-10-21 07:54:04','2022-10-21 07:54:04'),
	(181,'8854d086-c923-4486-a841-6093957e1b92','__csrf_token__','2022-10-21 07:54:05','2022-10-21 07:54:05'),
	(183,'fd949490-0101-4165-a905-bfdfe3b177f1','__csrf_token__','2022-10-21 07:54:21','2022-10-21 07:54:21'),
	(184,'994105b1-664f-4637-8df8-5ac41bf10f16','__csrf_token__','2022-10-21 07:54:23','2022-10-21 07:54:23'),
	(185,'564ff2fb-1fa0-456f-aebc-458f10375f16','__csrf_token__','2022-10-21 07:54:28','2022-10-21 07:54:28'),
	(186,'87eec90f-9f9d-43ee-b651-4e3bebbe5134','__csrf_token__','2022-10-21 07:54:39','2022-10-21 07:54:39'),
	(187,'65fa759c-be25-489c-b458-f36dd1b2b394','__csrf_token__','2022-10-21 07:54:41','2022-10-21 07:54:41'),
	(188,'d43b8721-68a5-4c4c-9e33-68824fc4e2a3','__csrf_token__','2022-10-21 07:54:44','2022-10-21 07:54:44'),
	(190,'d958ee9a-93b0-4d00-93b8-606c1054364f','__csrf_token__','2022-10-21 07:55:12','2022-10-21 07:55:12'),
	(191,'fa114733-adf4-45b4-a477-93cc3fe545be','__csrf_token__','2022-10-21 07:55:13','2022-10-21 07:55:13'),
	(193,'3058d328-6188-4cc4-85b2-0ea46560fd1b','__csrf_token__','2022-10-21 07:55:26','2022-10-21 07:55:26'),
	(194,'aced0039-5326-4972-a859-1c6be57270d5','__csrf_token__','2022-10-21 07:55:26','2022-10-21 07:55:26'),
	(195,'bde61cc0-bfc3-40c0-b4f0-432d836eb312','__csrf_token__','2022-10-21 07:55:27','2022-10-21 07:55:27'),
	(196,'66d777d7-4ac7-4751-b327-0c8f07670132','__csrf_token__','2022-10-21 07:55:28','2022-10-21 07:55:28'),
	(198,'144117e5-871d-4f87-af85-6675a6eb5245','__csrf_token__','2022-10-21 07:55:57','2022-10-21 07:55:57'),
	(199,'735b0322-7950-4e7e-8012-6c50bd07a9b2','__csrf_token__','2022-10-21 07:55:59','2022-10-21 07:55:59'),
	(200,'08713f35-442f-45b0-b770-6c8d1c9a1813','__csrf_token__','2022-10-21 07:56:00','2022-10-21 07:56:00'),
	(201,'8d70c26d-feb4-4ae5-8552-574fa3678499','__csrf_token__','2022-10-21 07:56:01','2022-10-21 07:56:01'),
	(203,'bd829097-389e-4730-aca5-426b4b2963f9','__csrf_token__','2022-10-21 07:56:21','2022-10-21 07:56:21'),
	(204,'c6b13b96-fd04-4f41-adc5-b476e308f1b3','__csrf_token__','2022-10-21 07:56:23','2022-10-21 07:56:23'),
	(205,'c00cb026-8af0-498d-b672-e388467b9f2f','__csrf_token__','2022-10-21 07:56:28','2022-10-21 07:56:28'),
	(206,'69aa2193-d82f-471f-bb3c-7686e1d895c9','__csrf_token__','2022-10-21 07:56:31','2022-10-21 07:56:31'),
	(207,'1bd88e0e-634f-4229-92f0-0dfa6be2b3b8','__csrf_token__','2022-10-21 07:56:33','2022-10-21 07:56:33'),
	(209,'55bb1ec9-253a-4d9a-9f3d-99f4be962e0e','__csrf_token__','2022-10-21 08:09:19','2022-10-21 08:09:19'),
	(210,'454600fb-8ecb-49e9-b72b-dc66a2bca64a','__csrf_token__','2022-10-21 08:09:49','2022-10-21 08:09:49'),
	(211,'1774beae-4728-4a3c-a10f-c2d63aeeaf9d','__csrf_token__','2022-10-21 08:09:51','2022-10-21 08:09:51'),
	(213,'8a287b9f-690b-4112-a06e-42b5d68534b2','__csrf_token__','2022-10-21 08:11:31','2022-10-21 08:11:31'),
	(214,'5e0326ca-6c48-48f4-ba75-74d745229442','__csrf_token__','2022-10-21 08:11:38','2022-10-21 08:11:38'),
	(215,'b3dee12c-930f-4e42-b23c-d4a5c304ed57','__csrf_token__','2022-10-21 08:11:39','2022-10-21 08:11:39'),
	(216,'82de251f-84be-4977-9b6e-a4a7eaf948b3','__csrf_token__','2022-10-21 08:11:41','2022-10-21 08:11:41'),
	(217,'0e50757f-aeae-4389-bcbf-0dbaf93fabd9','__csrf_token__','2022-10-21 08:11:47','2022-10-21 08:11:47'),
	(218,'b69ed5bf-76ea-4a11-afe7-8b5227ad39dc','__csrf_token__','2022-10-21 08:11:48','2022-10-21 08:11:48'),
	(219,'b9c6b736-25de-4107-aebb-07c61852d147','__csrf_token__','2022-10-21 08:11:53','2022-10-21 08:11:53'),
	(220,'9f926857-9e95-4e6b-9bbf-77828e4bb096','__csrf_token__','2022-10-21 08:11:57','2022-10-21 08:11:57'),
	(222,'521eb3d6-d8b7-4f6c-a50c-aaa6dd30ba24','__csrf_token__','2022-10-21 08:12:03','2022-10-21 08:12:03'),
	(223,'10ca2fc2-68ab-413a-989b-bdcf78c63d01','__csrf_token__','2022-10-21 08:12:05','2022-10-21 08:12:05'),
	(224,'5bee8545-43bb-46d2-908a-15ab25f045e5','__csrf_token__','2022-10-21 08:12:08','2022-10-21 08:12:08'),
	(225,'d0d2f7b3-24bc-41d7-b927-75d81912eaf5','__csrf_token__','2022-10-21 08:12:23','2022-10-21 08:12:23'),
	(227,'1e85f76e-223d-4e2f-a04d-a94c18a92829','__csrf_token__','2022-10-21 08:12:39','2022-10-21 08:12:39'),
	(228,'e910c7cb-7338-4354-939e-7cb550806e6d','__csrf_token__','2022-10-21 08:12:41','2022-10-21 08:12:41'),
	(230,'961f3a63-cc12-427f-b1dd-469efb66581c','__csrf_token__','2022-10-21 08:14:13','2022-10-21 08:14:13'),
	(232,'ffadace4-556b-4982-b5c1-0d8a17ce1d53','__csrf_token__','2022-10-21 08:14:44','2022-10-21 08:14:44'),
	(233,'62789254-9484-4e8d-a846-3e888d41a8a5','__csrf_token__','2022-10-21 08:15:25','2022-10-21 08:15:25'),
	(234,'3e88005d-bd88-4cb2-b824-7f41c4c1e207','__csrf_token__','2022-10-21 08:15:26','2022-10-21 08:15:26'),
	(235,'cb5f127b-d0b7-4215-88eb-730e261feadd','__csrf_token__','2022-10-21 08:15:32','2022-10-21 08:15:32'),
	(236,'aee2a402-3082-4430-bacc-86236e51da2c','__csrf_token__','2022-10-21 08:15:33','2022-10-21 08:15:33'),
	(237,'e6ce6c9c-c49d-4a97-99f9-91848f237d25','__csrf_token__','2022-10-21 08:15:37','2022-10-21 08:15:37'),
	(238,'8527b613-2049-427e-a8df-6c801d739dbb','__csrf_token__','2022-10-21 08:15:54','2022-10-21 08:15:54'),
	(240,'ab64d76e-28df-44d2-ba91-4f2b6e51de55','__csrf_token__','2022-10-21 08:16:17','2022-10-21 08:16:17'),
	(242,'d1799041-d6c9-490a-ba1e-ee01197e78d5','__csrf_token__','2022-10-21 08:16:38','2022-10-21 08:16:38'),
	(243,'160a9818-2567-4d50-8473-e3e249477497','__csrf_token__','2022-10-21 08:16:42','2022-10-21 08:16:42'),
	(244,'56d87af9-2384-4450-afac-243d068ffdd6','__csrf_token__','2022-10-21 08:16:43','2022-10-21 08:16:43'),
	(245,'9d1fc183-a83d-4acc-b589-f53b892aaf81','__csrf_token__','2022-10-21 08:16:59','2022-10-21 08:16:59'),
	(246,'634ca7fe-4cb4-488e-91ca-37b63d7cbcce','__csrf_token__','2022-10-21 08:17:00','2022-10-21 08:17:00'),
	(248,'bd779ada-1512-41b9-ac82-2a9b7ca24edd','__csrf_token__','2022-10-21 08:18:01','2022-10-21 08:18:01'),
	(249,'5b45d998-68d8-419e-be28-4e1b2d52a4eb','__csrf_token__','2022-10-21 08:18:05','2022-10-21 08:18:05'),
	(251,'c5b17a34-7764-4b15-ba9c-ace87346e108','__csrf_token__','2022-10-21 08:22:47','2022-10-21 08:22:47'),
	(252,'035928fc-10ef-4b7e-85ec-78b9e1b5f422','__csrf_token__','2022-10-21 08:22:56','2022-10-21 08:22:56'),
	(253,'6f31aec1-a7e2-4da8-a585-a07a7d52cff0','__csrf_token__','2022-10-21 08:22:57','2022-10-21 08:22:57'),
	(254,'31df8ea7-3ed0-4120-8d64-7e7213797217','__csrf_token__','2022-10-21 08:23:12','2022-10-21 08:23:12'),
	(255,'824d281e-6616-4fd5-93de-62759e94e6ef','__csrf_token__','2022-10-21 08:24:18','2022-10-21 08:24:18'),
	(256,'3ecef841-4105-4c95-900c-0447ecb02dfd','__csrf_token__','2022-10-21 08:53:00','2022-10-21 08:53:00'),
	(257,'20244637-d660-407f-9f23-3bc7c6c4434a','__csrf_token__','2022-10-21 08:53:10','2022-10-21 08:53:10'),
	(258,'86df63cb-e453-4651-87f9-bba1263ab059','__csrf_token__','2022-10-21 08:53:12','2022-10-21 08:53:12'),
	(259,'d53ea466-04ae-4ca5-a7b0-20af1b12d97a','__csrf_token__','2022-10-21 08:53:13','2022-10-21 08:53:13'),
	(260,'386b9ec7-16fc-40ae-a148-2b42db57a7e6','__csrf_token__','2022-10-21 08:53:14','2022-10-21 08:53:14');

/*!40000 ALTER TABLE `goadmin_session` ENABLE KEYS */;
UNLOCK TABLES;


# Dump of table goadmin_site
# ------------------------------------------------------------

DROP TABLE IF EXISTS `goadmin_site`;

CREATE TABLE `goadmin_site` (
  `id` int(11) unsigned NOT NULL AUTO_INCREMENT,
  `key` varchar(100) COLLATE utf8mb4_unicode_ci DEFAULT NULL,
  `value` longtext COLLATE utf8mb4_unicode_ci,
  `description` varchar(3000) COLLATE utf8mb4_unicode_ci DEFAULT NULL,
  `state` tinyint(3) unsigned NOT NULL DEFAULT '0',
  `created_at` timestamp NULL DEFAULT CURRENT_TIMESTAMP,
  `updated_at` timestamp NULL DEFAULT CURRENT_TIMESTAMP,
  PRIMARY KEY (`id`)
) ENGINE=InnoDB DEFAULT CHARSET=utf8mb4 COLLATE=utf8mb4_unicode_ci;

LOCK TABLES `goadmin_site` WRITE;
/*!40000 ALTER TABLE `goadmin_site` DISABLE KEYS */;

INSERT INTO `goadmin_site` (`id`, `key`, `value`, `description`, `state`, `created_at`, `updated_at`)
VALUES
	(1,'logger_encoder_caller','',NULL,1,'2022-09-01 09:56:45','2022-09-01 09:56:45'),
	(2,'custom_foot_html','',NULL,1,'2022-09-01 09:56:45','2022-09-01 09:56:45'),
	(3,'login_title','GoAdmin',NULL,1,'2022-09-01 09:56:45','2022-09-01 09:56:45'),
	(4,'custom_403_html','',NULL,1,'2022-09-01 09:56:45','2022-09-01 09:56:45'),
	(5,'exclude_theme_components','null',NULL,1,'2022-09-01 09:56:45','2022-09-01 09:56:45'),
	(6,'app_id','RrTc6tAtP6tM',NULL,1,'2022-09-01 09:56:45','2022-09-01 09:56:45'),
	(7,'url_prefix','admin',NULL,1,'2022-09-01 09:56:45','2022-09-01 09:56:45'),
	(8,'logger_encoder_encoding','',NULL,1,'2022-09-01 09:56:45','2022-09-01 09:56:45'),
	(9,'session_life_time','7200',NULL,1,'2022-09-01 09:56:45','2022-09-01 09:56:45'),
	(10,'allow_del_operation_log','false',NULL,1,'2022-09-01 09:56:45','2022-09-01 09:56:45'),
	(11,'logger_rotate_max_backups','0',NULL,1,'2022-09-01 09:56:46','2022-09-01 09:56:46'),
	(12,'logger_encoder_duration','',NULL,1,'2022-09-01 09:56:46','2022-09-01 09:56:46'),
	(13,'auth_user_table','goadmin_users',NULL,1,'2022-09-01 09:56:46','2022-09-01 09:56:46'),
	(14,'language','en',NULL,1,'2022-09-01 09:56:46','2022-09-01 09:56:46'),
	(15,'logger_encoder_level_key','',NULL,1,'2022-09-01 09:56:46','2022-09-01 09:56:46'),
	(16,'logger_level','0',NULL,1,'2022-09-01 09:56:46','2022-09-01 09:56:46'),
	(17,'color_scheme','skin-black',NULL,1,'2022-09-01 09:56:46','2022-09-01 09:56:46'),
	(18,'footer_info','',NULL,1,'2022-09-01 09:56:46','2022-09-01 09:56:46'),
	(19,'site_off','false',NULL,1,'2022-09-01 09:56:46','2022-09-01 09:56:46'),
	(20,'open_admin_api','false',NULL,1,'2022-09-01 09:56:46','2022-09-01 09:56:46'),
	(21,'asset_root_path','./public/',NULL,1,'2022-09-01 09:56:46','2022-09-01 09:56:46'),
	(22,'theme','adminlte',NULL,1,'2022-09-01 09:56:46','2022-09-01 09:56:46'),
	(23,'hide_tool_entrance','false',NULL,1,'2022-09-01 09:56:46','2022-09-01 09:56:46'),
	(24,'file_upload_engine','{\"name\":\"local\"}',NULL,1,'2022-09-01 09:56:46','2022-09-01 09:56:46'),
	(25,'extra','',NULL,1,'2022-09-01 09:56:46','2022-09-01 09:56:46'),
	(26,'custom_500_html','',NULL,1,'2022-09-01 09:56:46','2022-09-01 09:56:46'),
	(27,'hide_visitor_user_center_entrance','false',NULL,1,'2022-09-01 09:56:46','2022-09-01 09:56:46'),
	(28,'operation_log_off','false',NULL,1,'2022-09-01 09:56:47','2022-09-01 09:56:47'),
	(29,'debug','true',NULL,1,'2022-09-01 09:56:47','2022-09-01 09:56:47'),
	(30,'access_log_off','false',NULL,1,'2022-09-01 09:56:47','2022-09-01 09:56:47'),
	(31,'logger_rotate_compress','false',NULL,1,'2022-09-01 09:56:47','2022-09-01 09:56:47'),
	(32,'hide_config_center_entrance','false',NULL,1,'2022-09-01 09:56:47','2022-09-01 09:56:47'),
	(33,'mini_logo','GA',NULL,1,'2022-09-01 09:56:47','2022-09-01 09:56:47'),
	(34,'error_log_off','false',NULL,1,'2022-09-01 09:56:47','2022-09-01 09:56:47'),
	(35,'bootstrap_file_path','/Users/gamepub/Documents/go/src/github.com/coolishbee/admin_project/bootstrap.go',NULL,1,'2022-09-01 09:56:47','2022-09-01 09:56:47'),
	(36,'sql_log','false',NULL,1,'2022-09-01 09:56:47','2022-09-01 09:56:47'),
	(37,'logger_encoder_time_key','',NULL,1,'2022-09-01 09:56:47','2022-09-01 09:56:47'),
	(38,'logger_encoder_name_key','',NULL,1,'2022-09-01 09:56:47','2022-09-01 09:56:47'),
	(39,'animation_duration','0.00',NULL,1,'2022-09-01 09:56:47','2022-09-01 09:56:47'),
	(40,'no_limit_login_ip','false',NULL,1,'2022-09-01 09:56:47','2022-09-01 09:56:47'),
	(41,'custom_404_html','',NULL,1,'2022-09-01 09:56:47','2022-09-01 09:56:47'),
	(42,'logger_encoder_caller_key','',NULL,1,'2022-09-01 09:56:47','2022-09-01 09:56:47'),
	(43,'logger_encoder_level','',NULL,1,'2022-09-01 09:56:47','2022-09-01 09:56:47'),
	(44,'login_logo','GoAdmin',NULL,1,'2022-09-01 09:56:47','2022-09-01 09:56:47'),
	(45,'hide_plugin_entrance','false',NULL,1,'2022-09-01 09:56:47','2022-09-01 09:56:47'),
	(46,'index_url','/',NULL,1,'2022-09-01 09:56:47','2022-09-01 09:56:47'),
	(47,'logger_encoder_stacktrace_key','',NULL,1,'2022-09-01 09:56:47','2022-09-01 09:56:47'),
	(48,'custom_head_html','',NULL,1,'2022-09-01 09:56:47','2022-09-01 09:56:47'),
	(49,'title','GoAdmin',NULL,1,'2022-09-01 09:56:47','2022-09-01 09:56:47'),
	(50,'env','local',NULL,1,'2022-09-01 09:56:47','2022-09-01 09:56:47'),
	(51,'info_log_path','/Users/gamepub/Documents/go/src/github.com/coolishbee/admin_project/logs/info.log',NULL,1,'2022-09-01 09:56:47','2022-09-01 09:56:47'),
	(52,'logger_rotate_max_size','0',NULL,1,'2022-09-01 09:56:47','2022-09-01 09:56:47'),
	(53,'domain','',NULL,1,'2022-09-01 09:56:47','2022-09-01 09:56:47'),
	(54,'login_url','/login',NULL,1,'2022-09-01 09:56:47','2022-09-01 09:56:47'),
	(55,'error_log_path','/Users/gamepub/Documents/go/src/github.com/coolishbee/admin_project/logs/error.log',NULL,1,'2022-09-01 09:56:47','2022-09-01 09:56:47'),
	(56,'info_log_off','false',NULL,1,'2022-09-01 09:56:47','2022-09-01 09:56:47'),
	(57,'logger_encoder_time','',NULL,1,'2022-09-01 09:56:47','2022-09-01 09:56:47'),
	(58,'hide_app_info_entrance','false',NULL,1,'2022-09-01 09:56:47','2022-09-01 09:56:47'),
	(59,'access_log_path','/Users/gamepub/Documents/go/src/github.com/coolishbee/admin_project/logs/access.log',NULL,1,'2022-09-01 09:56:47','2022-09-01 09:56:47'),
	(60,'access_assets_log_off','false',NULL,1,'2022-09-01 09:56:47','2022-09-01 09:56:47'),
	(61,'asset_url','',NULL,1,'2022-09-01 09:56:47','2022-09-01 09:56:47'),
	(62,'animation_type','',NULL,1,'2022-09-01 09:56:47','2022-09-01 09:56:47'),
	(63,'animation_delay','0.00',NULL,1,'2022-09-01 09:56:47','2022-09-01 09:56:47'),
	(64,'prohibit_config_modification','false',NULL,1,'2022-09-01 09:56:47','2022-09-01 09:56:47'),
	(65,'go_mod_file_path','/Users/gamepub/Documents/go/src/github.com/coolishbee/admin_project/go.mod',NULL,1,'2022-09-01 09:56:47','2022-09-01 09:56:47'),
	(66,'logo','GoAdmin',NULL,1,'2022-09-01 09:56:47','2022-09-01 09:56:47'),
	(67,'logger_rotate_max_age','0',NULL,1,'2022-09-01 09:56:47','2022-09-01 09:56:47'),
	(68,'logger_encoder_message_key','',NULL,1,'2022-09-01 09:56:47','2022-09-01 09:56:47');

/*!40000 ALTER TABLE `goadmin_site` ENABLE KEYS */;
UNLOCK TABLES;


# Dump of table goadmin_user_permissions
# ------------------------------------------------------------

DROP TABLE IF EXISTS `goadmin_user_permissions`;

CREATE TABLE `goadmin_user_permissions` (
  `user_id` int(11) unsigned NOT NULL,
  `permission_id` int(11) unsigned NOT NULL,
  `created_at` timestamp NULL DEFAULT CURRENT_TIMESTAMP,
  `updated_at` timestamp NULL DEFAULT CURRENT_TIMESTAMP,
  UNIQUE KEY `admin_user_permissions` (`user_id`,`permission_id`)
) ENGINE=InnoDB DEFAULT CHARSET=utf8mb4 COLLATE=utf8mb4_unicode_ci;

LOCK TABLES `goadmin_user_permissions` WRITE;
/*!40000 ALTER TABLE `goadmin_user_permissions` DISABLE KEYS */;

INSERT INTO `goadmin_user_permissions` (`user_id`, `permission_id`, `created_at`, `updated_at`)
VALUES
	(1,1,'2019-09-10 00:00:00','2019-09-10 00:00:00'),
	(2,2,'2022-10-18 02:56:23','2022-10-18 02:56:23');

/*!40000 ALTER TABLE `goadmin_user_permissions` ENABLE KEYS */;
UNLOCK TABLES;


# Dump of table goadmin_users
# ------------------------------------------------------------

DROP TABLE IF EXISTS `goadmin_users`;

CREATE TABLE `goadmin_users` (
  `id` int(10) unsigned NOT NULL AUTO_INCREMENT,
  `username` varchar(100) COLLATE utf8mb4_unicode_ci NOT NULL,
  `password` varchar(100) COLLATE utf8mb4_unicode_ci NOT NULL DEFAULT '',
  `name` varchar(100) COLLATE utf8mb4_unicode_ci NOT NULL,
  `avatar` varchar(255) COLLATE utf8mb4_unicode_ci DEFAULT NULL,
  `remember_token` varchar(100) COLLATE utf8mb4_unicode_ci DEFAULT NULL,
  `created_at` timestamp NULL DEFAULT CURRENT_TIMESTAMP,
  `updated_at` timestamp NULL DEFAULT CURRENT_TIMESTAMP,
  PRIMARY KEY (`id`),
  UNIQUE KEY `admin_users_username_unique` (`username`)
) ENGINE=InnoDB DEFAULT CHARSET=utf8mb4 COLLATE=utf8mb4_unicode_ci;

LOCK TABLES `goadmin_users` WRITE;
/*!40000 ALTER TABLE `goadmin_users` DISABLE KEYS */;

INSERT INTO `goadmin_users` (`id`, `username`, `password`, `name`, `avatar`, `remember_token`, `created_at`, `updated_at`)
VALUES
	(1,'admin','$2a$10$DMsQOKqJN538UYVazJUqGOx1pdCAaw2FzPu9D0NGWKa5yY7Mx0nQa','admin','','tlNcBVK9AvfYH7WEnwB1RKvocJu8FfRy4um3DJtwdHuJy0dwFsLOgAc0xUfh','2019-09-10 00:00:00','2019-09-10 00:00:00'),
	(2,'operator','$2a$10$asmh8YP5sQWuXwoUBXp6EOcEoqlbIy.YLCuyoQRgZsl3jxiGJpkwW','Operator','',NULL,'2019-09-10 00:00:00','2022-10-18 11:56:23');

/*!40000 ALTER TABLE `goadmin_users` ENABLE KEYS */;
UNLOCK TABLES;


# Dump of table posts
# ------------------------------------------------------------

DROP TABLE IF EXISTS `posts`;

CREATE TABLE `posts` (
  `id` int(11) unsigned NOT NULL AUTO_INCREMENT,
  `author_id` int(11) unsigned NOT NULL,
  `title` varchar(255) COLLATE utf8mb4_unicode_ci NOT NULL DEFAULT '',
  `description` varchar(500) COLLATE utf8mb4_unicode_ci NOT NULL,
  `content` text COLLATE utf8mb4_unicode_ci NOT NULL,
  `date` date NOT NULL,
  PRIMARY KEY (`id`)
) ENGINE=InnoDB DEFAULT CHARSET=utf8mb4 COLLATE=utf8mb4_unicode_ci;

LOCK TABLES `posts` WRITE;
/*!40000 ALTER TABLE `posts` DISABLE KEYS */;

INSERT INTO `posts` (`id`, `author_id`, `title`, `description`, `content`, `date`)
VALUES
	(1,1,'Omnis illo itaque dolore officia ea eum.','Id mollitia cumque blanditiis et quas possimus aperiam ut. Est odit repudiandae hic ad ad. Eaque veniam ut a doloribus non fugiat.','Et et veritatis autem aliquid quia et. Natus quisquam aut magni quo expedita ut blanditiis qui.','1990-02-17'),
	(2,2,'Hic qui voluptatum magni est eos iure.','Repellendus nobis architecto tempora laboriosam a. Consequatur sed eum beatae laudantium incidunt. Debitis doloribus explicabo aliquam saepe necessitatibus. Occaecati dolorem provident aut deleniti cupiditate. Aliquid et recusandae eaque fugit ut.','Commodi voluptatem ut nam aliquam maiores illum. Qui quaerat possimus repudiandae ut molestiae. Vitae ut ipsa eligendi libero doloribus dicta eum. Nesciunt quos iure iure facere minus.','1987-12-07'),
	(3,3,'Culpa voluptates vitae rerum.','Ea aut non tempore velit. Aut aperiam recusandae qui facilis aliquid nulla. Voluptatem voluptas architecto fuga. Voluptatem vero quibusdam nihil ab aut saepe et rerum.','Officia iste consequatur natus. Et et earum voluptatem quos corrupti et. Enim nemo ducimus dolorem consequuntur facere sit. Eum ut ea ut qui vel ad blanditiis ipsam.','2012-08-17'),
	(4,4,'Veritatis perferendis nostrum corporis.','Et officia voluptatem porro laborum iste dolor sit. Ea nesciunt sequi et repellendus. Et repellat quae facere aut.','Hic hic sunt tenetur. Reprehenderit tempora sequi doloribus repellat. Qui facere nihil dolores voluptate veniam sint.','1984-06-13'),
	(5,5,'Quibusdam et qui nisi rerum.','Itaque velit voluptatem amet adipisci doloribus. Doloribus dolorem quis non aperiam ipsa est vel. Ad nisi laudantium eum deserunt.','Facilis vitae numquam temporibus qui. Qui dolor et pariatur voluptatibus optio itaque.','1980-02-16'),
	(6,6,'Voluptate magni sunt qui esse sit assumenda magnam.','Nisi quia iste molestiae aut et. Vitae harum ut maxime aspernatur. Ut laborum doloremque recusandae. Fuga dolores eaque facere sequi.','Amet aut corporis inventore. Rerum voluptate sint voluptatibus possimus. Aut voluptatum totam doloremque quaerat. Delectus est illum reiciendis cumque voluptatem.','1986-12-20'),
	(7,7,'Ex ducimus voluptatem et voluptatem sit odio.','In et repudiandae quia enim. Maiores omnis voluptatem adipisci neque ut repellat nesciunt. Quisquam voluptates aut est facere iste.','Aut debitis omnis in eum aut. Et nesciunt rem eos sint cumque distinctio omnis magnam. Fuga repellat voluptatum rem.','2014-09-26'),
	(8,8,'Accusantium voluptas id dolore pariatur placeat ipsam numquam.','Qui eum omnis nulla et maiores. Distinctio sequi in optio quia esse ex. Ut quo doloribus unde. Quia ullam quia quia doloribus.','Odit necessitatibus corporis assumenda. Dolores nemo atque maxime odio et. Rerum iste veniam voluptas.\nSunt accusamus asperiores eaque deleniti quos aut eius. Laboriosam veniam aut delectus est in.','2016-07-15'),
	(9,9,'Culpa sunt sit reprehenderit temporibus sit perferendis.','Quo iure inventore deleniti veritatis. Tempora expedita eos vitae esse molestias dignissimos.','Ullam fuga commodi illo vero qui. Eligendi voluptatibus nostrum expedita alias unde adipisci. Qui adipisci qui odio vel sunt. Eligendi iure quam laudantium animi. Aperiam recusandae et quis sit et.','1974-12-27'),
	(10,10,'Aut necessitatibus et molestiae quod.','Libero veritatis non iure non autem provident. Odio dolorum doloremque fuga ad maiores consectetur quis. Ut sed ea tenetur sunt aut est. Distinctio recusandae pariatur consectetur facilis repellendus.','Voluptates amet nemo at temporibus laboriosam doloremque sed aspernatur. Ipsum recusandae debitis veritatis magni animi.','2005-01-18'),
	(11,11,'Quis nihil voluptates minima.','Qui et ex in repellat. Nihil accusantium aut recusandae est sed ut omnis. Vitae a magni deleniti praesentium. Odit optio dolore sit nobis et maiores voluptatem.','Pariatur nostrum commodi voluptatem. Aut deleniti in aspernatur incidunt rerum. Iure iure rem commodi recusandae. Est molestiae in molestiae qui id laboriosam quisquam quod.','2014-09-08'),
	(12,12,'Exercitationem est hic dolorem sunt voluptatem molestiae.','Voluptas enim eaque blanditiis est non. Laudantium saepe voluptas omnis in. Hic corporis commodi inventore possimus quibusdam fuga.','Ab nihil facere et qui dolor optio. Nesciunt et sit alias cupiditate.\nQui facere consequatur eveniet beatae nihil qui. Illo esse non accusamus voluptas veritatis.','1985-05-29'),
	(13,13,'Harum facere non dicta dolores.','Fugit et consequatur fuga sed distinctio sit animi. Minima alias sed consectetur dignissimos. Commodi qui laboriosam non velit excepturi. Molestiae quod fugit atque.','Saepe unde quis rerum incidunt quia. Voluptas explicabo iste nemo harum unde. Suscipit magni officiis molestias blanditiis aperiam odio qui.','2017-06-26'),
	(14,14,'Aut voluptate et dignissimos in qui.','Modi totam inventore natus voluptatibus sunt voluptates. In optio ad dignissimos sunt. Ipsam placeat qui expedita sunt sed. Et omnis molestias repellendus excepturi aliquid autem quod.','Quia eveniet voluptate ratione deleniti. Necessitatibus ipsum eum autem inventore voluptas minus. Quibusdam tempora consectetur facilis at est magnam.','1972-09-17'),
	(15,15,'Quisquam vitae rerum porro nihil.','Sint omnis perspiciatis et porro quia voluptatem sed. Dolor sequi sequi incidunt expedita voluptatum ea reprehenderit. Atque quo nobis debitis nam.','Soluta iusto amet dolor quasi ab eaque recusandae. Recusandae sit autem numquam amet.','1988-11-11'),
	(16,16,'Ut aut modi enim quisquam maiores.','Atque modi eveniet et. Quos velit a cupiditate harum sunt consequatur ut laboriosam. Sunt sit numquam blanditiis eos odit quam. Consequatur sint fugiat id tempore qui.','Minus aut cupiditate illum magni fuga alias. Recusandae velit explicabo et asperiores dolores similique minus. Sunt aut dolorem et quia qui ad asperiores.','1986-06-18'),
	(17,17,'Perferendis fugit sed quia nulla fugiat.','Consequatur expedita cupiditate fuga consectetur placeat quia reiciendis odio. Aliquid aperiam molestiae ea similique sunt ducimus sunt.','Laudantium quis eius voluptatem est. Ea ad non corporis autem. Aut molestiae nemo perferendis incidunt facilis veniam.','1995-06-12'),
	(18,18,'Commodi placeat ut enim voluptates ullam.','Officia qui et autem aut quidem maxime nisi. Quos magni rerum a veritatis nobis.','Cum facere aliquid error quasi suscipit. Ea qui ad architecto voluptatibus nostrum aut. Sequi doloribus quia cupiditate.','1976-07-19'),
	(19,19,'Minima ea voluptas dolorum fugit ducimus cum.','Quasi dolorem facilis adipisci aliquid. Quidem aut velit tempora dignissimos. Vitae quo aliquid itaque corrupti ut.','Cum earum cum pariatur illum esse. Reprehenderit dolor voluptatem dolorem quis aliquid reiciendis et suscipit. Nesciunt quo magni odit recusandae illum molestiae qui.','1981-11-24'),
	(20,20,'Officiis voluptatem consectetur sunt iusto suscipit in error.','Et non omnis labore tenetur cupiditate. Odit eum et doloremque error quae rerum quae omnis. Quia rerum expedita et totam laborum tempore molestiae ducimus.','Distinctio nulla qui quisquam eaque. Non nulla quo ut magni. Est aperiam sunt reprehenderit suscipit dolor natus impedit.','2016-06-12'),
	(21,21,'Et et esse magnam mollitia.','Alias illo expedita perferendis eos recusandae aut. Perferendis sed laborum nisi doloribus.','Deserunt ea pariatur illum illum. Corporis alias nesciunt aut amet consequatur dolore quia. Ad tempore dicta non non quia quae.','1982-10-16'),
	(22,22,'Sint omnis quia ex.','In autem deserunt optio rerum illum ducimus amet beatae. Eaque corrupti quidem sit aperiam dolorem quia itaque. Placeat accusantium quia ullam harum quaerat.','Vel unde reiciendis nobis rerum ut. Consequatur est sed a quo temporibus ad rerum. Minima qui exercitationem blanditiis earum.','2013-12-23'),
	(23,23,'Quis ut deleniti ipsam eum repudiandae ipsa.','Amet est quo voluptas debitis inventore earum. Voluptas eos voluptatem odit quia qui. Eligendi tempora et eveniet ut nulla.','Officia possimus sint non sed exercitationem quibusdam. At quod laudantium magni sint. Perferendis eveniet deleniti rerum facilis nulla animi sint minus.','1988-03-30'),
	(24,24,'Qui eaque repellat vitae nam officiis omnis.','Similique laudantium possimus deleniti exercitationem aut porro eum quis. Et fuga officiis sit quia modi. Vel rerum nostrum aut sapiente quam minus ipsa.','Molestias iste voluptatem in molestiae error perspiciatis ipsam. Distinctio eum deleniti quia quo est et. Quisquam est veniam iure enim dolor. Quasi atque est cum rerum.','2013-09-22'),
	(25,25,'Consequuntur enim debitis officiis vel.','Et incidunt est omnis repudiandae saepe. Necessitatibus amet corporis quia nihil itaque totam. Veritatis minima dolore autem ut quasi quam.','Ut molestiae nesciunt ad occaecati velit excepturi sunt. Voluptatem laborum non nostrum consequuntur repudiandae praesentium animi. Dolorem esse rerum sit alias.','1977-05-26'),
	(26,26,'Reprehenderit minus qui iste perspiciatis assumenda iste facere.','Aliquid sed at eveniet eum optio provident distinctio. Architecto ea natus explicabo non voluptatem suscipit sed. Vel quam fugiat ipsum iure. Aliquid iusto veritatis minus numquam deserunt in rerum.','Odio et vel veniam. Et id quos et. Quas quaerat illum nisi minus magnam iusto. Aspernatur sunt eligendi et.','1979-10-09'),
	(27,27,'Mollitia voluptas repellat quod eaque.','Ut sequi blanditiis velit totam minus. Consequuntur ut rerum ducimus harum magnam. Eaque soluta dolor quo rerum ullam sed ut fugiat.','Nobis delectus dolore omnis. Et asperiores consequatur est ullam.\nUt ratione aut non molestiae voluptatem non consequatur. Aut consequuntur sunt ea placeat repellendus adipisci dolor.','1983-07-20');

/*!40000 ALTER TABLE `posts` ENABLE KEYS */;
UNLOCK TABLES;


# Dump of table profile
# ------------------------------------------------------------

DROP TABLE IF EXISTS `profile`;

CREATE TABLE `profile` (
  `id` int(11) unsigned NOT NULL AUTO_INCREMENT,
  `uuid` varchar(100) COLLATE utf8mb4_unicode_ci DEFAULT NULL,
  `photos` varchar(3000) COLLATE utf8mb4_unicode_ci DEFAULT NULL,
  `resume` varchar(1000) COLLATE utf8mb4_unicode_ci DEFAULT NULL,
  `resume_size` int(11) unsigned NOT NULL DEFAULT '0',
  `finish_state` int(11) unsigned NOT NULL DEFAULT '0',
  `finish_progress` int(11) unsigned NOT NULL DEFAULT '0',
  `pass` int(11) unsigned NOT NULL DEFAULT '0',
  `created_at` timestamp NULL DEFAULT CURRENT_TIMESTAMP,
  `updated_at` timestamp NULL DEFAULT CURRENT_TIMESTAMP,
  PRIMARY KEY (`id`)
) ENGINE=InnoDB DEFAULT CHARSET=utf8mb4 COLLATE=utf8mb4_unicode_ci;

LOCK TABLES `profile` WRITE;
/*!40000 ALTER TABLE `profile` DISABLE KEYS */;

INSERT INTO `profile` (`id`, `uuid`, `photos`, `resume`, `resume_size`, `finish_state`, `finish_progress`, `pass`, `created_at`, `updated_at`)
VALUES
	(1,'eeYtHtUtQg8U7zpCNiigVVhnToj','http://quick.go-admin.cn/demo/assets/dist/img/gopher_avatar.png,http://quick.go-admin.cn/demo/assets/dist/img/gopher_avatar.png,http://quick.go-admin.cn/demo/assets/dist/img/gopher_avatar.png','http://yinyanghu.github.io/files/clrs_prev.pdf',13242389,0,30,0,'2020-05-15 08:29:44','2020-05-15 08:29:44'),
	(2,'AxKvrvCaZpT3zsTsmrueFuLZFg9','http://quick.go-admin.cn/demo/assets/dist/img/gopher_avatar.png,http://quick.go-admin.cn/demo/assets/dist/img/gopher_avatar.png,http://quick.go-admin.cn/demo/assets/dist/img/gopher_avatar.png','http://yinyanghu.github.io/files/clrs_prev.pdf',232322233,1,60,1,'2020-05-15 08:30:51','2020-05-15 08:30:51'),
	(3,'QAwrQgEfqGs7qCUNpWGmoaEP3yF','http://quick.go-admin.cn/demo/assets/dist/img/gopher_avatar.png,http://quick.go-admin.cn/demo/assets/dist/img/gopher_avatar.png,http://quick.go-admin.cn/demo/assets/dist/img/gopher_avatar.png','http://yinyanghu.github.io/files/clrs_prev.pdf',232323,2,80,1,'2020-05-15 08:31:21','2020-05-15 08:31:21');

/*!40000 ALTER TABLE `profile` ENABLE KEYS */;
UNLOCK TABLES;


# Dump of table users
# ------------------------------------------------------------

DROP TABLE IF EXISTS `users`;

CREATE TABLE `users` (
  `id` int(11) unsigned NOT NULL AUTO_INCREMENT,
  `name` varchar(50) COLLATE utf8mb4_unicode_ci NOT NULL,
  `gender` int(11) unsigned NOT NULL,
  `city` varchar(50) COLLATE utf8mb4_unicode_ci NOT NULL,
  `ip` varchar(20) COLLATE utf8mb4_unicode_ci DEFAULT NULL,
  `phone` varchar(100) COLLATE utf8mb4_unicode_ci DEFAULT NULL,
  `created_at` timestamp NULL DEFAULT CURRENT_TIMESTAMP,
  `updated_at` timestamp NULL DEFAULT CURRENT_TIMESTAMP,
  PRIMARY KEY (`id`)
) ENGINE=InnoDB DEFAULT CHARSET=utf8mb4 COLLATE=utf8mb4_unicode_ci;

LOCK TABLES `users` WRITE;
/*!40000 ALTER TABLE `users` DISABLE KEYS */;

INSERT INTO `users` (`id`, `name`, `gender`, `city`, `ip`, `phone`, `created_at`, `updated_at`)
VALUES
	(3133,'voluptatum',0,'West Dorrischester','130.24.131.165','(291)462-9','2008-10-12 07:44:28','2003-10-16 23:40:41'),
	(3134,'quaerat',0,'Mantefurt','18.206.108.141','1-170-439-','2017-01-05 23:01:17','2006-10-09 16:31:23'),
	(3135,'quibusdam',0,'Altafurt','89.162.78.57','017-065-51','1988-11-08 14:53:14','2007-03-26 20:18:35'),
	(3136,'molestias',0,'East Jadontown','131.25.27.144','+92(7)3113','2014-01-23 15:56:15','1986-06-19 20:37:54'),
	(3137,'incidunt',0,'Angelville','90.255.113.150','1-881-209-','1989-02-17 23:59:30','1970-12-05 20:00:04'),
	(3138,'exercitationem',0,'Mrazport','112.152.108.62','(101)591-1','1995-04-18 15:32:08','1989-07-06 17:23:48'),
	(3139,'cumque',0,'South Carsonborough','56.70.126.83','687-792-49','2004-09-09 12:22:21','1994-05-17 16:53:50'),
	(3140,'ab',0,'New Abigaylemouth','180.66.161.219','121.009.26','1993-07-16 16:40:39','1985-04-27 19:02:24'),
	(3141,'numquam',0,'Port Polly','118.115.157.126','764.875.85','1998-11-04 17:36:16','2003-06-16 00:32:30'),
	(3142,'ratione',0,'East Madelynn','124.144.175.243','446.459.77','1980-10-31 12:09:14','2000-08-28 21:10:47'),
	(3143,'repellat',0,'Lake Aliza','69.66.247.238','1-514-720-','1981-07-11 13:57:15','1982-11-16 19:31:11'),
	(3144,'unde',0,'Claudechester','80.187.230.130','371-412-97','1973-01-22 17:32:51','1985-10-16 07:15:04'),
	(3145,'dolores',0,'East Candida','89.169.15.90','591.507.13','1991-05-05 21:02:27','1985-10-09 18:49:14'),
	(3146,'laudantium',0,'Harrisstad','51.29.100.162','668-521-48','1981-09-12 04:20:41','1994-05-09 03:32:30'),
	(3147,'iure',0,'Kingbury','99.13.130.67','(670)383-5','1996-10-03 14:10:37','1993-04-25 20:38:23'),
	(3148,'numquam',0,'Sanfordville','89.174.176.217','015-350-08','2010-07-15 20:25:56','1990-04-21 13:27:30'),
	(3149,'alias',0,'New Jacquelynmouth','176.202.145.52','670.430.97','2000-06-07 07:57:30','2015-06-06 08:57:47'),
	(3150,'expedita',0,'Lake Hilbert','96.21.195.51','(534)858-3','2012-11-07 10:02:02','2002-04-08 21:41:02'),
	(3151,'quis',0,'Lake Neal','89.152.227.200','+07(9)3192','1990-10-22 15:41:12','2013-06-22 09:51:23'),
	(3152,'id',0,'Port Laurence','45.24.206.89','270-153-13','2013-03-28 06:34:44','2012-12-25 08:49:40'),
	(3153,'chc3484',0,'James','14.25.102.111','02-897-3484','2022-10-21 09:11:52','2022-10-21 09:11:52');

/*!40000 ALTER TABLE `users` ENABLE KEYS */;
UNLOCK TABLES;



--
-- Dumping routines (PROCEDURE) for database 'goadmin'
--
DELIMITER ;;

# Dump of PROCEDURE createUserDB
# ------------------------------------------------------------

/*!50003 DROP PROCEDURE IF EXISTS `createUserDB` */;;
/*!50003 SET SESSION SQL_MODE="NO_ENGINE_SUBSTITUTION"*/;;
/*!50003 CREATE*/ /*!50020 DEFINER=`root`@`localhost`*/ /*!50003 PROCEDURE `createUserDB`()
begin
declare i int default 1;
while (i<=10) do
insert into users (name) value (concat("NAME",i));
set i=i+1;
end while;
end */;;

/*!50003 SET SESSION SQL_MODE=@OLD_SQL_MODE */;;
DELIMITER ;

/*!40111 SET SQL_NOTES=@OLD_SQL_NOTES */;
/*!40101 SET SQL_MODE=@OLD_SQL_MODE */;
/*!40014 SET FOREIGN_KEY_CHECKS=@OLD_FOREIGN_KEY_CHECKS */;
/*!40101 SET CHARACTER_SET_CLIENT=@OLD_CHARACTER_SET_CLIENT */;
/*!40101 SET CHARACTER_SET_RESULTS=@OLD_CHARACTER_SET_RESULTS */;
/*!40101 SET COLLATION_CONNECTION=@OLD_COLLATION_CONNECTION */;
